Datetime,RPS Price
2023-05-01 00:00:00,657.85
2023-05-02 00:00:00,625.52
2023-05-03 00:00:00,581.92
2023-05-04 00:00:00,609.36
2023-05-05 00:00:00,628.59
2023-05-06 00:00:00,634.34
2023-05-07 00:00:00,731.12
2023-05-08 00:00:00,627.0
2023-05-09 00:00:00,579.47
2023-05-10 00:00:00,597.99
2023-05-11 00:00:00,709.65
2023-05-12 00:00:00,665.61
2023-05-13 00:00:00,717.94
2023-05-14 00:00:00,664.58
2023-05-15 00:00:00,696.25
2023-05-16 00:00:00,739.92
2023-05-17 00:00:00,746.81
2023-05-18 00:00:00,648.82
2023-05-19 00:00:00,652.17
2023-05-20 00:00:00,699.88
2023-05-21 00:00:00,651.14
2023-05-22 00:00:00,665.03
2023-05-23 00:00:00,708.11
2023-05-24 00:00:00,653.36
2023-05-25 00:00:00,678.32
2023-05-26 00:00:00,642.36
2023-05-27 00:00:00,627.4
2023-05-28 00:00:00,620.45
2023-05-29 00:00:00,635.08
2023-05-30 00:00:00,612.65
2023-05-31 00:00:00,658.16
2023-05-01 00:30:00,632.72
2023-05-02 00:30:00,627.94
2023-05-03 00:30:00,579.32
2023-05-04 00:30:00,553.31
2023-05-05 00:30:00,600.84
2023-05-06 00:30:00,584.47
2023-05-07 00:30:00,644.38
2023-05-08 00:30:00,637.11
2023-05-09 00:30:00,583.52
2023-05-10 00:30:00,637.17
2023-05-11 00:30:00,711.48
2023-05-12 00:30:00,667.29
2023-05-13 00:30:00,663.71
2023-05-14 00:30:00,675.62
2023-05-15 00:30:00,657.94
2023-05-16 00:30:00,743.71
2023-05-17 00:30:00,737.36
2023-05-18 00:30:00,637.44
2023-05-19 00:30:00,629.74
2023-05-20 00:30:00,657.64
2023-05-21 00:30:00,656.7
2023-05-22 00:30:00,635.42
2023-05-23 00:30:00,722.24
2023-05-24 00:30:00,650.91
2023-05-25 00:30:00,695.53
2023-05-26 00:30:00,631.17
2023-05-27 00:30:00,598.6
2023-05-28 00:30:00,617.78
2023-05-29 00:30:00,658.11
2023-05-30 00:30:00,590.36
2023-05-31 00:30:00,647.12
2023-05-01 01:00:00,637.58
2023-05-02 01:00:00,595.58
2023-05-03 01:00:00,550.08
2023-05-04 01:00:00,566.46
2023-05-05 01:00:00,630.48
2023-05-06 01:00:00,611.5
2023-05-07 01:00:00,625.44
2023-05-08 01:00:00,606.76
2023-05-09 01:00:00,570.8
2023-05-10 01:00:00,610.19
2023-05-11 01:00:00,654.72
2023-05-12 01:00:00,654.19
2023-05-13 01:00:00,679.51
2023-05-14 01:00:00,639.29
2023-05-15 01:00:00,648.7
2023-05-16 01:00:00,766.74
2023-05-17 01:00:00,707.71
2023-05-18 01:00:00,618.83
2023-05-19 01:00:00,639.43
2023-05-20 01:00:00,637.03
2023-05-21 01:00:00,632.22
2023-05-22 01:00:00,633.87
2023-05-23 01:00:00,710.36
2023-05-24 01:00:00,632.15
2023-05-25 01:00:00,684.09
2023-05-26 01:00:00,650.96
2023-05-27 01:00:00,571.94
2023-05-28 01:00:00,621.26
2023-05-29 01:00:00,617.03
2023-05-30 01:00:00,558.19
2023-05-31 01:00:00,617.7
2023-05-01 01:30:00,595.76
2023-05-02 01:30:00,589.22
2023-05-03 01:30:00,532.85
2023-05-04 01:30:00,570.61
2023-05-05 01:30:00,628.03
2023-05-06 01:30:00,630.52
2023-05-07 01:30:00,562.77
2023-05-08 01:30:00,613.64
2023-05-09 01:30:00,528.0
2023-05-10 01:30:00,596.84
2023-05-11 01:30:00,542.59
2023-05-12 01:30:00,663.44
2023-05-13 01:30:00,653.32
2023-05-14 01:30:00,668.34
2023-05-15 01:30:00,617.15
2023-05-16 01:30:00,779.71
2023-05-17 01:30:00,804.22
2023-05-18 01:30:00,603.71
2023-05-19 01:30:00,578.42
2023-05-20 01:30:00,601.49
2023-05-21 01:30:00,629.12
2023-05-22 01:30:00,640.9
2023-05-23 01:30:00,682.35
2023-05-24 01:30:00,624.67
2023-05-25 01:30:00,677.5
2023-05-26 01:30:00,790.38
2023-05-27 01:30:00,580.25
2023-05-28 01:30:00,613.26
2023-05-29 01:30:00,613.9
2023-05-30 01:30:00,586.96
2023-05-31 01:30:00,593.52
2023-05-01 02:00:00,681.07
2023-05-02 02:00:00,658.86
2023-05-03 02:00:00,632.22
2023-05-04 02:00:00,635.46
2023-05-05 02:00:00,637.06
2023-05-06 02:00:00,661.77
2023-05-07 02:00:00,677.42
2023-05-08 02:00:00,690.91
2023-05-09 02:00:00,609.97
2023-05-10 02:00:00,650.03
2023-05-11 02:00:00,169.42
2023-05-12 02:00:00,713.15
2023-05-13 02:00:00,751.33
2023-05-14 02:00:00,731.92
2023-05-15 02:00:00,709.81
2023-05-16 02:00:00,848.28
2023-05-17 02:00:00,854.26
2023-05-18 02:00:00,669.89
2023-05-19 02:00:00,684.61
2023-05-20 02:00:00,697.46
2023-05-21 02:00:00,700.65
2023-05-22 02:00:00,685.02
2023-05-23 02:00:00,785.63
2023-05-24 02:00:00,672.93
2023-05-25 02:00:00,744.5
2023-05-26 02:00:00,799.45
2023-05-27 02:00:00,672.51
2023-05-28 02:00:00,714.32
2023-05-29 02:00:00,695.65
2023-05-30 02:00:00,617.17
2023-05-31 02:00:00,679.72
2023-05-01 02:30:00,758.47
2023-05-02 02:30:00,761.26
2023-05-03 02:30:00,692.11
2023-05-04 02:30:00,736.26
2023-05-05 02:30:00,749.62
2023-05-06 02:30:00,747.37
2023-05-07 02:30:00,732.29
2023-05-08 02:30:00,756.18
2023-05-09 02:30:00,706.33
2023-05-10 02:30:00,742.89
2023-05-11 02:30:00,705.07
2023-05-12 02:30:00,811.63
2023-05-13 02:30:00,860.38
2023-05-14 02:30:00,847.44
2023-05-15 02:30:00,825.72
2023-05-16 02:30:00,994.48
2023-05-17 02:30:00,1009.66
2023-05-18 02:30:00,776.8
2023-05-19 02:30:00,774.44
2023-05-20 02:30:00,811.59
2023-05-21 02:30:00,801.5
2023-05-22 02:30:00,811.05
2023-05-23 02:30:00,1035.61
2023-05-24 02:30:00,790.07
2023-05-25 02:30:00,860.19
2023-05-26 02:30:00,856.98
2023-05-27 02:30:00,758.27
2023-05-28 02:30:00,759.6
2023-05-29 02:30:00,765.16
2023-05-30 02:30:00,721.49
2023-05-31 02:30:00,778.84
2023-05-01 03:00:00,799.99
2023-05-02 03:00:00,797.7
2023-05-03 03:00:00,761.25
2023-05-04 03:00:00,787.94
2023-05-05 03:00:00,801.1
2023-05-06 03:00:00,776.54
2023-05-07 03:00:00,787.81
2023-05-08 03:00:00,800.72
2023-05-09 03:00:00,738.58
2023-05-10 03:00:00,797.68
2023-05-11 03:00:00,816.62
2023-05-12 03:00:00,899.86
2023-05-13 03:00:00,961.47
2023-05-14 03:00:00,910.01
2023-05-15 03:00:00,877.37
2023-05-16 03:00:00,1106.66
2023-05-17 03:00:00,1138.21
2023-05-18 03:00:00,855.28
2023-05-19 03:00:00,802.57
2023-05-20 03:00:00,846.39
2023-05-21 03:00:00,851.08
2023-05-22 03:00:00,856.62
2023-05-23 03:00:00,1090.73
2023-05-24 03:00:00,855.24
2023-05-25 03:00:00,993.7
2023-05-26 03:00:00,899.48
2023-05-27 03:00:00,827.48
2023-05-28 03:00:00,801.61
2023-05-29 03:00:00,808.06
2023-05-30 03:00:00,754.91
2023-05-31 03:00:00,819.99
2023-05-01 03:30:00,835.76
2023-05-02 03:30:00,835.5
2023-05-03 03:30:00,788.41
2023-05-04 03:30:00,847.16
2023-05-05 03:30:00,840.85
2023-05-06 03:30:00,804.12
2023-05-07 03:30:00,849.28
2023-05-08 03:30:00,852.82
2023-05-09 03:30:00,770.13
2023-05-10 03:30:00,816.55
2023-05-11 03:30:00,1047.54
2023-05-12 03:30:00,1050.45
2023-05-13 03:30:00,1138.47
2023-05-14 03:30:00,1114.36
2023-05-15 03:30:00,1005.59
2023-05-16 03:30:00,1137.15
2023-05-17 03:30:00,1168.33
2023-05-18 03:30:00,907.86
2023-05-19 03:30:00,928.37
2023-05-20 03:30:00,869.4
2023-05-21 03:30:00,1006.24
2023-05-22 03:30:00,978.68
2023-05-23 03:30:00,1078.96
2023-05-24 03:30:00,896.66
2023-05-25 03:30:00,1199.49
2023-05-26 03:30:00,897.17
2023-05-27 03:30:00,838.3
2023-05-28 03:30:00,864.28
2023-05-29 03:30:00,843.99
2023-05-30 03:30:00,825.04
2023-05-31 03:30:00,1012.46
2023-05-01 04:00:00,898.05
2023-05-02 04:00:00,876.07
2023-05-03 04:00:00,844.78
2023-05-04 04:00:00,869.78
2023-05-05 04:00:00,905.64
2023-05-06 04:00:00,835.12
2023-05-07 04:00:00,857.94
2023-05-08 04:00:00,864.48
2023-05-09 04:00:00,810.28
2023-05-10 04:00:00,854.14
2023-05-11 04:00:00,1071.13
2023-05-12 04:00:00,1001.99
2023-05-13 04:00:00,1116.68
2023-05-14 04:00:00,1142.16
2023-05-15 04:00:00,1046.77
2023-05-16 04:00:00,1159.63
2023-05-17 04:00:00,1208.39
2023-05-18 04:00:00,966.14
2023-05-19 04:00:00,975.83
2023-05-20 04:00:00,1003.58
2023-05-21 04:00:00,987.53
2023-05-22 04:00:00,1049.06
2023-05-23 04:00:00,1099.63
2023-05-24 04:00:00,959.58
2023-05-25 04:00:00,1157.91
2023-05-26 04:00:00,936.83
2023-05-27 04:00:00,874.84
2023-05-28 04:00:00,945.03
2023-05-29 04:00:00,884.93
2023-05-30 04:00:00,858.57
2023-05-31 04:00:00,997.9
2023-05-01 04:30:00,910.67
2023-05-02 04:30:00,894.81
2023-05-03 04:30:00,833.32
2023-05-04 04:30:00,868.51
2023-05-05 04:30:00,907.75
2023-05-06 04:30:00,873.58
2023-05-07 04:30:00,855.34
2023-05-08 04:30:00,888.88
2023-05-09 04:30:00,837.53
2023-05-10 04:30:00,886.9
2023-05-11 04:30:00,1046.9
2023-05-12 04:30:00,975.01
2023-05-13 04:30:00,1108.91
2023-05-14 04:30:00,1158.33
2023-05-15 04:30:00,1060.81
2023-05-16 04:30:00,1053.05
2023-05-17 04:30:00,1150.16
2023-05-18 04:30:00,971.62
2023-05-19 04:30:00,953.51
2023-05-20 04:30:00,1011.25
2023-05-21 04:30:00,971.74
2023-05-22 04:30:00,1047.46
2023-05-23 04:30:00,1084.43
2023-05-24 04:30:00,972.56
2023-05-25 04:30:00,1175.31
2023-05-26 04:30:00,963.69
2023-05-27 04:30:00,901.81
2023-05-28 04:30:00,962.32
2023-05-29 04:30:00,930.8
2023-05-30 04:30:00,854.87
2023-05-31 04:30:00,987.46
2023-05-01 05:00:00,963.34
2023-05-02 05:00:00,919.76
2023-05-03 05:00:00,886.83
2023-05-04 05:00:00,890.5
2023-05-05 05:00:00,930.92
2023-05-06 05:00:00,937.56
2023-05-07 05:00:00,897.78
2023-05-08 05:00:00,906.13
2023-05-09 05:00:00,830.47
2023-05-10 05:00:00,875.41
2023-05-11 05:00:00,1114.38
2023-05-12 05:00:00,1008.79
2023-05-13 05:00:00,1097.79
2023-05-14 05:00:00,1106.86
2023-05-15 05:00:00,1095.86
2023-05-16 05:00:00,1034.42
2023-05-17 05:00:00,1174.46
2023-05-18 05:00:00,1012.84
2023-05-19 05:00:00,916.18
2023-05-20 05:00:00,1008.73
2023-05-21 05:00:00,1016.78
2023-05-22 05:00:00,1138.54
2023-05-23 05:00:00,1100.04
2023-05-24 05:00:00,964.72
2023-05-25 05:00:00,1183.31
2023-05-26 05:00:00,950.34
2023-05-27 05:00:00,980.41
2023-05-28 05:00:00,972.22
2023-05-29 05:00:00,931.27
2023-05-30 05:00:00,886.07
2023-05-31 05:00:00,1054.05
2023-05-01 05:30:00,982.37
2023-05-02 05:30:00,932.22
2023-05-03 05:30:00,916.3
2023-05-04 05:30:00,934.54
2023-05-05 05:30:00,927.24
2023-05-06 05:30:00,945.51
2023-05-07 05:30:00,868.22
2023-05-08 05:30:00,993.75
2023-05-09 05:30:00,867.7
2023-05-10 05:30:00,954.9
2023-05-11 05:30:00,1142.19
2023-05-12 05:30:00,1033.42
2023-05-13 05:30:00,1166.07
2023-05-14 05:30:00,1083.73
2023-05-15 05:30:00,1099.83
2023-05-16 05:30:00,1192.55
2023-05-17 05:30:00,1180.86
2023-05-18 05:30:00,1003.66
2023-05-19 05:30:00,1046.73
2023-05-20 05:30:00,982.96
2023-05-21 05:30:00,1020.6
2023-05-22 05:30:00,1164.47
2023-05-23 05:30:00,1114.73
2023-05-24 05:30:00,1035.2
2023-05-25 05:30:00,1203.38
2023-05-26 05:30:00,989.26
2023-05-27 05:30:00,938.77
2023-05-28 05:30:00,970.49
2023-05-29 05:30:00,1037.88
2023-05-30 05:30:00,897.22
2023-05-31 05:30:00,1048.7
2023-05-01 06:00:00,1051.17
2023-05-02 06:00:00,1001.9
2023-05-03 06:00:00,952.23
2023-05-04 06:00:00,1001.12
2023-05-05 06:00:00,1012.61
2023-05-06 06:00:00,936.75
2023-05-07 06:00:00,904.55
2023-05-08 06:00:00,1006.96
2023-05-09 06:00:00,910.04
2023-05-10 06:00:00,981.42
2023-05-11 06:00:00,1209.03
2023-05-12 06:00:00,1048.47
2023-05-13 06:00:00,1153.16
2023-05-14 06:00:00,1124.17
2023-05-15 06:00:00,1154.37
2023-05-16 06:00:00,1416.18
2023-05-17 06:00:00,1306.45
2023-05-18 06:00:00,1080.97
2023-05-19 06:00:00,1067.73
2023-05-20 06:00:00,1017.76
2023-05-21 06:00:00,1050.88
2023-05-22 06:00:00,1254.88
2023-05-23 06:00:00,1263.3
2023-05-24 06:00:00,1083.66
2023-05-25 06:00:00,1255.73
2023-05-26 06:00:00,1046.62
2023-05-27 06:00:00,926.03
2023-05-28 06:00:00,988.52
2023-05-29 06:00:00,1029.74
2023-05-30 06:00:00,941.18
2023-05-31 06:00:00,1076.7
2023-05-01 06:30:00,1002.36
2023-05-02 06:30:00,972.32
2023-05-03 06:30:00,930.95
2023-05-04 06:30:00,944.33
2023-05-05 06:30:00,976.19
2023-05-06 06:30:00,964.08
2023-05-07 06:30:00,891.69
2023-05-08 06:30:00,978.97
2023-05-09 06:30:00,950.35
2023-05-10 06:30:00,991.02
2023-05-11 06:30:00,1229.66
2023-05-12 06:30:00,1053.41
2023-05-13 06:30:00,1188.88
2023-05-14 06:30:00,1137.91
2023-05-15 06:30:00,1151.04
2023-05-16 06:30:00,1371.01
2023-05-17 06:30:00,1261.07
2023-05-18 06:30:00,1112.03
2023-05-19 06:30:00,982.35
2023-05-20 06:30:00,1022.84
2023-05-21 06:30:00,987.75
2023-05-22 06:30:00,1268.97
2023-05-23 06:30:00,1224.09
2023-05-24 06:30:00,1084.21
2023-05-25 06:30:00,1221.25
2023-05-26 06:30:00,994.22
2023-05-27 06:30:00,903.39
2023-05-28 06:30:00,938.3
2023-05-29 06:30:00,984.73
2023-05-30 06:30:00,911.66
2023-05-31 06:30:00,1064.75
2023-05-01 07:00:00,958.79
2023-05-02 07:00:00,971.23
2023-05-03 07:00:00,977.61
2023-05-04 07:00:00,960.0
2023-05-05 07:00:00,995.0
2023-05-06 07:00:00,922.46
2023-05-07 07:00:00,908.36
2023-05-08 07:00:00,974.57
2023-05-09 07:00:00,924.05
2023-05-10 07:00:00,1003.03
2023-05-11 07:00:00,1212.11
2023-05-12 07:00:00,1077.78
2023-05-13 07:00:00,1174.41
2023-05-14 07:00:00,1150.85
2023-05-15 07:00:00,1203.5
2023-05-16 07:00:00,1368.74
2023-05-17 07:00:00,1273.16
2023-05-18 07:00:00,1052.06
2023-05-19 07:00:00,1007.09
2023-05-20 07:00:00,1014.86
2023-05-21 07:00:00,1017.78
2023-05-22 07:00:00,1199.48
2023-05-23 07:00:00,1283.86
2023-05-24 07:00:00,1088.97
2023-05-25 07:00:00,1235.88
2023-05-26 07:00:00,1044.73
2023-05-27 07:00:00,912.1
2023-05-28 07:00:00,940.8
2023-05-29 07:00:00,1000.94
2023-05-30 07:00:00,921.97
2023-05-31 07:00:00,1190.18
2023-05-01 07:30:00,990.95
2023-05-02 07:30:00,1024.77
2023-05-03 07:30:00,990.55
2023-05-04 07:30:00,983.45
2023-05-05 07:30:00,1011.76
2023-05-06 07:30:00,958.49
2023-05-07 07:30:00,944.97
2023-05-08 07:30:00,1010.44
2023-05-09 07:30:00,999.76
2023-05-10 07:30:00,1054.58
2023-05-11 07:30:00,1282.23
2023-05-12 07:30:00,1194.05
2023-05-13 07:30:00,1116.69
2023-05-14 07:30:00,1159.72
2023-05-15 07:30:00,1183.8
2023-05-16 07:30:00,206.44
2023-05-17 07:30:00,1334.54
2023-05-18 07:30:00,1126.13
2023-05-19 07:30:00,1058.71
2023-05-20 07:30:00,1050.88
2023-05-21 07:30:00,1076.49
2023-05-22 07:30:00,1246.9
2023-05-23 07:30:00,1294.72
2023-05-24 07:30:00,1151.0
2023-05-25 07:30:00,1230.07
2023-05-26 07:30:00,1085.15
2023-05-27 07:30:00,948.65
2023-05-28 07:30:00,1037.25
2023-05-29 07:30:00,1029.96
2023-05-30 07:30:00,1026.03
2023-05-31 07:30:00,1178.49
2023-05-01 08:00:00,972.66
2023-05-02 08:00:00,953.06
2023-05-03 08:00:00,1005.45
2023-05-04 08:00:00,949.69
2023-05-05 08:00:00,981.23
2023-05-06 08:00:00,898.31
2023-05-07 08:00:00,939.27
2023-05-08 08:00:00,952.8
2023-05-09 08:00:00,936.13
2023-05-10 08:00:00,1010.52
2023-05-11 08:00:00,1236.41
2023-05-12 08:00:00,1093.25
2023-05-13 08:00:00,1128.92
2023-05-14 08:00:00,1145.77
2023-05-15 08:00:00,1208.97
2023-05-16 08:00:00,191.39
2023-05-17 08:00:00,1338.23
2023-05-18 08:00:00,1058.18
2023-05-19 08:00:00,992.11
2023-05-20 08:00:00,947.75
2023-05-21 08:00:00,1065.94
2023-05-22 08:00:00,1220.95
2023-05-23 08:00:00,1252.0
2023-05-24 08:00:00,1139.65
2023-05-25 08:00:00,1218.56
2023-05-26 08:00:00,1120.53
2023-05-27 08:00:00,938.46
2023-05-28 08:00:00,1047.07
2023-05-29 08:00:00,1016.99
2023-05-30 08:00:00,989.85
2023-05-31 08:00:00,1153.15
2023-05-01 08:30:00,971.21
2023-05-02 08:30:00,976.75
2023-05-03 08:30:00,980.96
2023-05-04 08:30:00,940.29
2023-05-05 08:30:00,997.23
2023-05-06 08:30:00,892.98
2023-05-07 08:30:00,924.11
2023-05-08 08:30:00,963.4
2023-05-09 08:30:00,908.8
2023-05-10 08:30:00,979.5
2023-05-11 08:30:00,1248.96
2023-05-12 08:30:00,1086.39
2023-05-13 08:30:00,1058.6
2023-05-14 08:30:00,1116.95
2023-05-15 08:30:00,1153.97
2023-05-16 08:30:00,299.95
2023-05-17 08:30:00,1268.04
2023-05-18 08:30:00,1051.45
2023-05-19 08:30:00,781.49
2023-05-20 08:30:00,1044.54
2023-05-21 08:30:00,1044.85
2023-05-22 08:30:00,1248.75
2023-05-23 08:30:00,1277.41
2023-05-24 08:30:00,1109.41
2023-05-25 08:30:00,1181.06
2023-05-26 08:30:00,1038.91
2023-05-27 08:30:00,935.16
2023-05-28 08:30:00,1009.68
2023-05-29 08:30:00,973.42
2023-05-30 08:30:00,964.22
2023-05-31 08:30:00,1072.82
2023-05-01 09:00:00,1018.35
2023-05-02 09:00:00,940.32
2023-05-03 09:00:00,943.26
2023-05-04 09:00:00,985.83
2023-05-05 09:00:00,965.8
2023-05-06 09:00:00,906.52
2023-05-07 09:00:00,918.79
2023-05-08 09:00:00,960.77
2023-05-09 09:00:00,968.73
2023-05-10 09:00:00,1030.36
2023-05-11 09:00:00,1265.94
2023-05-12 09:00:00,1046.35
2023-05-13 09:00:00,1060.35
2023-05-14 09:00:00,1144.55
2023-05-15 09:00:00,1148.69
2023-05-16 09:00:00,456.06
2023-05-17 09:00:00,1216.91
2023-05-18 09:00:00,1105.9
2023-05-19 09:00:00,787.94
2023-05-20 09:00:00,1080.81
2023-05-21 09:00:00,1005.36
2023-05-22 09:00:00,1223.5
2023-05-23 09:00:00,1275.7
2023-05-24 09:00:00,1055.0
2023-05-25 09:00:00,1169.37
2023-05-26 09:00:00,991.97
2023-05-27 09:00:00,904.76
2023-05-28 09:00:00,1017.42
2023-05-29 09:00:00,990.37
2023-05-30 09:00:00,987.73
2023-05-31 09:00:00,1074.61
2023-05-01 09:30:00,1006.93
2023-05-02 09:30:00,942.38
2023-05-03 09:30:00,979.35
2023-05-04 09:30:00,985.83
2023-05-05 09:30:00,1010.3
2023-05-06 09:30:00,912.82
2023-05-07 09:30:00,932.15
2023-05-08 09:30:00,966.03
2023-05-09 09:30:00,931.4
2023-05-10 09:30:00,1028.3
2023-05-11 09:30:00,1284.38
2023-05-12 09:30:00,1037.5
2023-05-13 09:30:00,1030.71
2023-05-14 09:30:00,1008.96
2023-05-15 09:30:00,1163.59
2023-05-16 09:30:00,1257.42
2023-05-17 09:30:00,1150.54
2023-05-18 09:30:00,1074.68
2023-05-19 09:30:00,1008.53
2023-05-20 09:30:00,997.93
2023-05-21 09:30:00,976.43
2023-05-22 09:30:00,1208.77
2023-05-23 09:30:00,1165.08
2023-05-24 09:30:00,1065.08
2023-05-25 09:30:00,1108.24
2023-05-26 09:30:00,1001.16
2023-05-27 09:30:00,898.86
2023-05-28 09:30:00,958.31
2023-05-29 09:30:00,993.81
2023-05-30 09:30:00,1001.4
2023-05-31 09:30:00,1031.31
2023-05-01 10:00:00,968.25
2023-05-02 10:00:00,961.17
2023-05-03 10:00:00,944.31
2023-05-04 10:00:00,959.78
2023-05-05 10:00:00,948.9
2023-05-06 10:00:00,918.81
2023-05-07 10:00:00,921.46
2023-05-08 10:00:00,972.66
2023-05-09 10:00:00,924.65
2023-05-10 10:00:00,1015.65
2023-05-11 10:00:00,1239.98
2023-05-12 10:00:00,1022.39
2023-05-13 10:00:00,1005.99
2023-05-14 10:00:00,945.8
2023-05-15 10:00:00,1118.06
2023-05-16 10:00:00,1198.84
2023-05-17 10:00:00,1089.25
2023-05-18 10:00:00,1004.01
2023-05-19 10:00:00,1011.05
2023-05-20 10:00:00,1029.48
2023-05-21 10:00:00,984.75
2023-05-22 10:00:00,1141.83
2023-05-23 10:00:00,1066.91
2023-05-24 10:00:00,1044.98
2023-05-25 10:00:00,1085.33
2023-05-26 10:00:00,990.13
2023-05-27 10:00:00,927.81
2023-05-28 10:00:00,964.79
2023-05-29 10:00:00,993.38
2023-05-30 10:00:00,987.9
2023-05-31 10:00:00,986.27
2023-05-01 10:30:00,942.83
2023-05-02 10:30:00,933.81
2023-05-03 10:30:00,960.73
2023-05-04 10:30:00,968.93
2023-05-05 10:30:00,971.3
2023-05-06 10:30:00,914.28
2023-05-07 10:30:00,915.65
2023-05-08 10:30:00,941.38
2023-05-09 10:30:00,952.7
2023-05-10 10:30:00,1014.9
2023-05-11 10:30:00,1119.71
2023-05-12 10:30:00,976.97
2023-05-13 10:30:00,989.87
2023-05-14 10:30:00,942.22
2023-05-15 10:30:00,1117.23
2023-05-16 10:30:00,1072.77
2023-05-17 10:30:00,1062.03
2023-05-18 10:30:00,992.48
2023-05-19 10:30:00,992.33
2023-05-20 10:30:00,1017.49
2023-05-21 10:30:00,940.13
2023-05-22 10:30:00,1083.33
2023-05-23 10:30:00,1043.11
2023-05-24 10:30:00,1020.37
2023-05-25 10:30:00,991.13
2023-05-26 10:30:00,1017.89
2023-05-27 10:30:00,883.93
2023-05-28 10:30:00,954.15
2023-05-29 10:30:00,950.92
2023-05-30 10:30:00,952.18
2023-05-31 10:30:00,992.5
2023-05-01 11:00:00,934.66
2023-05-02 11:00:00,976.49
2023-05-03 11:00:00,912.51
2023-05-04 11:00:00,963.02
2023-05-05 11:00:00,978.44
2023-05-06 11:00:00,910.23
2023-05-07 11:00:00,814.06
2023-05-08 11:00:00,919.19
2023-05-09 11:00:00,945.08
2023-05-10 11:00:00,935.87
2023-05-11 11:00:00,1150.39
2023-05-12 11:00:00,1027.98
2023-05-13 11:00:00,967.46
2023-05-14 11:00:00,956.78
2023-05-15 11:00:00,1069.92
2023-05-16 11:00:00,1033.44
2023-05-17 11:00:00,943.3
2023-05-18 11:00:00,988.15
2023-05-19 11:00:00,1029.68
2023-05-20 11:00:00,954.41
2023-05-21 11:00:00,927.11
2023-05-22 11:00:00,1049.46
2023-05-23 11:00:00,1011.59
2023-05-24 11:00:00,995.41
2023-05-25 11:00:00,922.25
2023-05-26 11:00:00,992.99
2023-05-27 11:00:00,891.82
2023-05-28 11:00:00,862.67
2023-05-29 11:00:00,971.59
2023-05-30 11:00:00,967.79
2023-05-31 11:00:00,981.38
2023-05-01 11:30:00,943.34
2023-05-02 11:30:00,965.81
2023-05-03 11:30:00,920.05
2023-05-04 11:30:00,941.22
2023-05-05 11:30:00,984.51
2023-05-06 11:30:00,911.33
2023-05-07 11:30:00,860.94
2023-05-08 11:30:00,959.31
2023-05-09 11:30:00,942.23
2023-05-10 11:30:00,927.07
2023-05-11 11:30:00,1080.61
2023-05-12 11:30:00,972.19
2023-05-13 11:30:00,944.77
2023-05-14 11:30:00,892.63
2023-05-15 11:30:00,1056.84
2023-05-16 11:30:00,1096.73
2023-05-17 11:30:00,998.93
2023-05-18 11:30:00,953.58
2023-05-19 11:30:00,1018.65
2023-05-20 11:30:00,982.61
2023-05-21 11:30:00,891.23
2023-05-22 11:30:00,949.13
2023-05-23 11:30:00,1024.88
2023-05-24 11:30:00,966.38
2023-05-25 11:30:00,966.92
2023-05-26 11:30:00,1014.61
2023-05-27 11:30:00,887.26
2023-05-28 11:30:00,848.99
2023-05-29 11:30:00,916.71
2023-05-30 11:30:00,925.24
2023-05-31 11:30:00,959.49
2023-05-01 12:00:00,929.23
2023-05-02 12:00:00,974.19
2023-05-03 12:00:00,958.62
2023-05-04 12:00:00,994.06
2023-05-05 12:00:00,970.93
2023-05-06 12:00:00,910.21
2023-05-07 12:00:00,887.41
2023-05-08 12:00:00,990.68
2023-05-09 12:00:00,964.79
2023-05-10 12:00:00,947.48
2023-05-11 12:00:00,1053.72
2023-05-12 12:00:00,996.46
2023-05-13 12:00:00,994.22
2023-05-14 12:00:00,953.34
2023-05-15 12:00:00,1044.91
2023-05-16 12:00:00,1063.31
2023-05-17 12:00:00,1013.2
2023-05-18 12:00:00,940.44
2023-05-19 12:00:00,1054.23
2023-05-20 12:00:00,983.47
2023-05-21 12:00:00,931.61
2023-05-22 12:00:00,1007.46
2023-05-23 12:00:00,1000.43
2023-05-24 12:00:00,960.4
2023-05-25 12:00:00,992.97
2023-05-26 12:00:00,987.51
2023-05-27 12:00:00,890.97
2023-05-28 12:00:00,909.58
2023-05-29 12:00:00,909.52
2023-05-30 12:00:00,936.23
2023-05-31 12:00:00,987.36
2023-05-01 12:30:00,956.85
2023-05-02 12:30:00,969.9
2023-05-03 12:30:00,963.78
2023-05-04 12:30:00,970.34
2023-05-05 12:30:00,1023.12
2023-05-06 12:30:00,964.9
2023-05-07 12:30:00,924.32
2023-05-08 12:30:00,1048.98
2023-05-09 12:30:00,972.17
2023-05-10 12:30:00,961.91
2023-05-11 12:30:00,1132.01
2023-05-12 12:30:00,985.64
2023-05-13 12:30:00,967.15
2023-05-14 12:30:00,949.32
2023-05-15 12:30:00,1083.36
2023-05-16 12:30:00,1030.04
2023-05-17 12:30:00,1012.57
2023-05-18 12:30:00,986.22
2023-05-19 12:30:00,1064.49
2023-05-20 12:30:00,1027.45
2023-05-21 12:30:00,938.93
2023-05-22 12:30:00,988.73
2023-05-23 12:30:00,1013.43
2023-05-24 12:30:00,1024.96
2023-05-25 12:30:00,974.05
2023-05-26 12:30:00,982.03
2023-05-27 12:30:00,976.33
2023-05-28 12:30:00,928.19
2023-05-29 12:30:00,923.47
2023-05-30 12:30:00,955.53
2023-05-31 12:30:00,970.07
2023-05-01 13:00:00,994.57
2023-05-02 13:00:00,1002.45
2023-05-03 13:00:00,966.68
2023-05-04 13:00:00,1031.19
2023-05-05 13:00:00,982.11
2023-05-06 13:00:00,943.73
2023-05-07 13:00:00,950.82
2023-05-08 13:00:00,1035.88
2023-05-09 13:00:00,965.93
2023-05-10 13:00:00,1002.91
2023-05-11 13:00:00,1113.54
2023-05-12 13:00:00,999.87
2023-05-13 13:00:00,1011.64
2023-05-14 13:00:00,958.54
2023-05-15 13:00:00,1057.07
2023-05-16 13:00:00,1025.54
2023-05-17 13:00:00,1013.18
2023-05-18 13:00:00,983.66
2023-05-19 13:00:00,1058.5
2023-05-20 13:00:00,1008.85
2023-05-21 13:00:00,974.5
2023-05-22 13:00:00,1029.4
2023-05-23 13:00:00,990.91
2023-05-24 13:00:00,1006.05
2023-05-25 13:00:00,987.18
2023-05-26 13:00:00,980.13
2023-05-27 13:00:00,932.38
2023-05-28 13:00:00,926.58
2023-05-29 13:00:00,938.14
2023-05-30 13:00:00,976.95
2023-05-31 13:00:00,954.58
2023-05-01 13:30:00,980.49
2023-05-02 13:30:00,1059.78
2023-05-03 13:30:00,990.95
2023-05-04 13:30:00,1020.56
2023-05-05 13:30:00,976.43
2023-05-06 13:30:00,956.21
2023-05-07 13:30:00,932.85
2023-05-08 13:30:00,1062.99
2023-05-09 13:30:00,1002.78
2023-05-10 13:30:00,1014.65
2023-05-11 13:30:00,1098.18
2023-05-12 13:30:00,971.31
2023-05-13 13:30:00,965.58
2023-05-14 13:30:00,942.62
2023-05-15 13:30:00,1015.11
2023-05-16 13:30:00,1032.48
2023-05-17 13:30:00,1010.31
2023-05-18 13:30:00,1031.65
2023-05-19 13:30:00,1073.89
2023-05-20 13:30:00,1014.41
2023-05-21 13:30:00,959.87
2023-05-22 13:30:00,991.84
2023-05-23 13:30:00,1031.2
2023-05-24 13:30:00,991.55
2023-05-25 13:30:00,981.9
2023-05-26 13:30:00,1006.7
2023-05-27 13:30:00,953.35
2023-05-28 13:30:00,942.54
2023-05-29 13:30:00,964.72
2023-05-30 13:30:00,1006.09
2023-05-31 13:30:00,945.82
2023-05-01 14:00:00,987.95
2023-05-02 14:00:00,1001.58
2023-05-03 14:00:00,1026.57
2023-05-04 14:00:00,1076.93
2023-05-05 14:00:00,971.15
2023-05-06 14:00:00,950.68
2023-05-07 14:00:00,943.16
2023-05-08 14:00:00,1034.2
2023-05-09 14:00:00,987.44
2023-05-10 14:00:00,993.18
2023-05-11 14:00:00,1094.34
2023-05-12 14:00:00,979.53
2023-05-13 14:00:00,972.58
2023-05-14 14:00:00,940.7
2023-05-15 14:00:00,988.21
2023-05-16 14:00:00,1030.69
2023-05-17 14:00:00,983.92
2023-05-18 14:00:00,1001.69
2023-05-19 14:00:00,1061.9
2023-05-20 14:00:00,996.05
2023-05-21 14:00:00,1002.33
2023-05-22 14:00:00,974.67
2023-05-23 14:00:00,1010.64
2023-05-24 14:00:00,999.54
2023-05-25 14:00:00,1014.75
2023-05-26 14:00:00,967.11
2023-05-27 14:00:00,935.54
2023-05-28 14:00:00,945.2
2023-05-29 14:00:00,943.26
2023-05-30 14:00:00,959.41
2023-05-31 14:00:00,937.77
2023-05-01 14:30:00,996.16
2023-05-02 14:30:00,1020.25
2023-05-03 14:30:00,979.56
2023-05-04 14:30:00,1024.64
2023-05-05 14:30:00,997.59
2023-05-06 14:30:00,940.5
2023-05-07 14:30:00,915.75
2023-05-08 14:30:00,1026.42
2023-05-09 14:30:00,1001.2
2023-05-10 14:30:00,964.51
2023-05-11 14:30:00,1115.31
2023-05-12 14:30:00,993.93
2023-05-13 14:30:00,974.25
2023-05-14 14:30:00,971.89
2023-05-15 14:30:00,1037.12
2023-05-16 14:30:00,1036.16
2023-05-17 14:30:00,958.89
2023-05-18 14:30:00,1024.82
2023-05-19 14:30:00,1027.58
2023-05-20 14:30:00,1003.31
2023-05-21 14:30:00,960.47
2023-05-22 14:30:00,1012.22
2023-05-23 14:30:00,981.7
2023-05-24 14:30:00,1004.32
2023-05-25 14:30:00,1023.96
2023-05-26 14:30:00,995.51
2023-05-27 14:30:00,958.89
2023-05-28 14:30:00,953.76
2023-05-29 14:30:00,947.05
2023-05-30 14:30:00,957.71
2023-05-31 14:30:00,921.8
2023-05-01 15:00:00,1023.97
2023-05-02 15:00:00,1013.92
2023-05-03 15:00:00,1015.94
2023-05-04 15:00:00,1022.96
2023-05-05 15:00:00,956.79
2023-05-06 15:00:00,960.11
2023-05-07 15:00:00,936.3
2023-05-08 15:00:00,1013.99
2023-05-09 15:00:00,972.02
2023-05-10 15:00:00,993.54
2023-05-11 15:00:00,1110.09
2023-05-12 15:00:00,980.08
2023-05-13 15:00:00,967.53
2023-05-14 15:00:00,956.93
2023-05-15 15:00:00,1031.28
2023-05-16 15:00:00,1032.33
2023-05-17 15:00:00,985.67
2023-05-18 15:00:00,1001.36
2023-05-19 15:00:00,1035.13
2023-05-20 15:00:00,1019.4
2023-05-21 15:00:00,977.62
2023-05-22 15:00:00,967.95
2023-05-23 15:00:00,991.46
2023-05-24 15:00:00,970.01
2023-05-25 15:00:00,1013.62
2023-05-26 15:00:00,961.6
2023-05-27 15:00:00,916.37
2023-05-28 15:00:00,930.19
2023-05-29 15:00:00,956.06
2023-05-30 15:00:00,943.46
2023-05-31 15:00:00,956.9
2023-05-01 15:30:00,1001.16
2023-05-02 15:30:00,997.29
2023-05-03 15:30:00,998.42
2023-05-04 15:30:00,1016.01
2023-05-05 15:30:00,951.22
2023-05-06 15:30:00,920.17
2023-05-07 15:30:00,915.56
2023-05-08 15:30:00,1024.95
2023-05-09 15:30:00,994.4
2023-05-10 15:30:00,992.54
2023-05-11 15:30:00,1070.09
2023-05-12 15:30:00,1003.35
2023-05-13 15:30:00,928.8
2023-05-14 15:30:00,982.56
2023-05-15 15:30:00,985.88
2023-05-16 15:30:00,1032.33
2023-05-17 15:30:00,989.38
2023-05-18 15:30:00,1011.5
2023-05-19 15:30:00,1058.86
2023-05-20 15:30:00,973.21
2023-05-21 15:30:00,958.67
2023-05-22 15:30:00,1012.21
2023-05-23 15:30:00,984.73
2023-05-24 15:30:00,992.32
2023-05-25 15:30:00,963.96
2023-05-26 15:30:00,972.97
2023-05-27 15:30:00,940.55
2023-05-28 15:30:00,913.47
2023-05-29 15:30:00,940.75
2023-05-30 15:30:00,934.49
2023-05-31 15:30:00,973.44
2023-05-01 16:00:00,942.51
2023-05-02 16:00:00,1013.96
2023-05-03 16:00:00,1010.4
2023-05-04 16:00:00,999.8
2023-05-05 16:00:00,988.93
2023-05-06 16:00:00,922.58
2023-05-07 16:00:00,917.97
2023-05-08 16:00:00,972.71
2023-05-09 16:00:00,959.08
2023-05-10 16:00:00,1016.24
2023-05-11 16:00:00,1091.92
2023-05-12 16:00:00,953.42
2023-05-13 16:00:00,929.57
2023-05-14 16:00:00,923.82
2023-05-15 16:00:00,999.97
2023-05-16 16:00:00,1035.47
2023-05-17 16:00:00,960.68
2023-05-18 16:00:00,995.6
2023-05-19 16:00:00,1026.4
2023-05-20 16:00:00,988.63
2023-05-21 16:00:00,961.3
2023-05-22 16:00:00,963.76
2023-05-23 16:00:00,998.43
2023-05-24 16:00:00,972.75
2023-05-25 16:00:00,1000.02
2023-05-26 16:00:00,976.52
2023-05-27 16:00:00,889.76
2023-05-28 16:00:00,937.23
2023-05-29 16:00:00,910.36
2023-05-30 16:00:00,917.9
2023-05-31 16:00:00,944.96
2023-05-01 16:30:00,973.77
2023-05-02 16:30:00,977.56
2023-05-03 16:30:00,991.84
2023-05-04 16:30:00,1022.45
2023-05-05 16:30:00,957.07
2023-05-06 16:30:00,880.21
2023-05-07 16:30:00,935.78
2023-05-08 16:30:00,979.6
2023-05-09 16:30:00,974.6
2023-05-10 16:30:00,975.7
2023-05-11 16:30:00,1062.23
2023-05-12 16:30:00,988.65
2023-05-13 16:30:00,959.84
2023-05-14 16:30:00,953.92
2023-05-15 16:30:00,979.26
2023-05-16 16:30:00,1016.56
2023-05-17 16:30:00,974.41
2023-05-18 16:30:00,997.34
2023-05-19 16:30:00,1075.56
2023-05-20 16:30:00,1004.06
2023-05-21 16:30:00,1003.37
2023-05-22 16:30:00,961.62
2023-05-23 16:30:00,975.36
2023-05-24 16:30:00,1003.01
2023-05-25 16:30:00,964.99
2023-05-26 16:30:00,976.54
2023-05-27 16:30:00,863.16
2023-05-28 16:30:00,902.89
2023-05-29 16:30:00,900.3
2023-05-30 16:30:00,930.4
2023-05-31 16:30:00,940.53
2023-05-01 17:00:00,999.06
2023-05-02 17:00:00,953.88
2023-05-03 17:00:00,952.76
2023-05-04 17:00:00,963.3
2023-05-05 17:00:00,1012.85
2023-05-06 17:00:00,869.33
2023-05-07 17:00:00,912.13
2023-05-08 17:00:00,989.65
2023-05-09 17:00:00,968.98
2023-05-10 17:00:00,989.46
2023-05-11 17:00:00,1101.32
2023-05-12 17:00:00,988.46
2023-05-13 17:00:00,946.01
2023-05-14 17:00:00,973.87
2023-05-15 17:00:00,1007.06
2023-05-16 17:00:00,1074.62
2023-05-17 17:00:00,971.35
2023-05-18 17:00:00,1042.4
2023-05-19 17:00:00,1044.51
2023-05-20 17:00:00,985.73
2023-05-21 17:00:00,1028.39
2023-05-22 17:00:00,1008.48
2023-05-23 17:00:00,1017.76
2023-05-24 17:00:00,1019.13
2023-05-25 17:00:00,1030.23
2023-05-26 17:00:00,1007.84
2023-05-27 17:00:00,896.96
2023-05-28 17:00:00,990.8
2023-05-29 17:00:00,973.75
2023-05-30 17:00:00,996.88
2023-05-31 17:00:00,1013.73
2023-05-01 17:30:00,978.67
2023-05-02 17:30:00,992.43
2023-05-03 17:30:00,974.68
2023-05-04 17:30:00,1029.28
2023-05-05 17:30:00,987.73
2023-05-06 17:30:00,913.76
2023-05-07 17:30:00,980.92
2023-05-08 17:30:00,945.23
2023-05-09 17:30:00,985.55
2023-05-10 17:30:00,1059.42
2023-05-11 17:30:00,1148.91
2023-05-12 17:30:00,1027.97
2023-05-13 17:30:00,924.98
2023-05-14 17:30:00,998.73
2023-05-15 17:30:00,1012.12
2023-05-16 17:30:00,1048.67
2023-05-17 17:30:00,1008.14
2023-05-18 17:30:00,1009.33
2023-05-19 17:30:00,1027.21
2023-05-20 17:30:00,1023.42
2023-05-21 17:30:00,1016.38
2023-05-22 17:30:00,1007.24
2023-05-23 17:30:00,1015.13
2023-05-24 17:30:00,1041.63
2023-05-25 17:30:00,995.49
2023-05-26 17:30:00,993.51
2023-05-27 17:30:00,910.46
2023-05-28 17:30:00,940.5
2023-05-29 17:30:00,921.39
2023-05-30 17:30:00,955.37
2023-05-31 17:30:00,996.53
2023-05-01 18:00:00,913.59
2023-05-02 18:00:00,863.53
2023-05-03 18:00:00,999.29
2023-05-04 18:00:00,966.81
2023-05-05 18:00:00,921.39
2023-05-06 18:00:00,893.61
2023-05-07 18:00:00,906.07
2023-05-08 18:00:00,839.96
2023-05-09 18:00:00,881.68
2023-05-10 18:00:00,987.92
2023-05-11 18:00:00,1038.6
2023-05-12 18:00:00,1044.41
2023-05-13 18:00:00,871.32
2023-05-14 18:00:00,997.55
2023-05-15 18:00:00,925.41
2023-05-16 18:00:00,1030.09
2023-05-17 18:00:00,979.44
2023-05-18 18:00:00,918.92
2023-05-19 18:00:00,1016.89
2023-05-20 18:00:00,881.16
2023-05-21 18:00:00,1028.03
2023-05-22 18:00:00,909.57
2023-05-23 18:00:00,932.57
2023-05-24 18:00:00,1052.72
2023-05-25 18:00:00,943.24
2023-05-26 18:00:00,927.9
2023-05-27 18:00:00,825.15
2023-05-28 18:00:00,937.45
2023-05-29 18:00:00,886.48
2023-05-30 18:00:00,907.16
2023-05-31 18:00:00,980.44
2023-05-01 18:30:00,857.73
2023-05-02 18:30:00,863.6
2023-05-03 18:30:00,943.86
2023-05-04 18:30:00,928.73
2023-05-05 18:30:00,948.34
2023-05-06 18:30:00,881.8
2023-05-07 18:30:00,887.33
2023-05-08 18:30:00,819.01
2023-05-09 18:30:00,826.95
2023-05-10 18:30:00,1036.72
2023-05-11 18:30:00,1020.68
2023-05-12 18:30:00,1036.17
2023-05-13 18:30:00,822.77
2023-05-14 18:30:00,977.14
2023-05-15 18:30:00,864.84
2023-05-16 18:30:00,953.12
2023-05-17 18:30:00,963.02
2023-05-18 18:30:00,875.43
2023-05-19 18:30:00,978.53
2023-05-20 18:30:00,857.12
2023-05-21 18:30:00,1000.67
2023-05-22 18:30:00,877.14
2023-05-23 18:30:00,895.39
2023-05-24 18:30:00,1028.93
2023-05-25 18:30:00,872.97
2023-05-26 18:30:00,910.3
2023-05-27 18:30:00,807.07
2023-05-28 18:30:00,905.84
2023-05-29 18:30:00,813.01
2023-05-30 18:30:00,842.73
2023-05-31 18:30:00,993.77
2023-05-01 19:00:00,827.85
2023-05-02 19:00:00,812.86
2023-05-03 19:00:00,923.94
2023-05-04 19:00:00,870.37
2023-05-05 19:00:00,899.9
2023-05-06 19:00:00,839.97
2023-05-07 19:00:00,898.35
2023-05-08 19:00:00,773.1
2023-05-09 19:00:00,807.0
2023-05-10 19:00:00,982.44
2023-05-11 19:00:00,977.72
2023-05-12 19:00:00,990.24
2023-05-13 19:00:00,815.65
2023-05-14 19:00:00,993.87
2023-05-15 19:00:00,858.69
2023-05-16 19:00:00,922.52
2023-05-17 19:00:00,940.5
2023-05-18 19:00:00,868.67
2023-05-19 19:00:00,953.03
2023-05-20 19:00:00,853.41
2023-05-21 19:00:00,950.23
2023-05-22 19:00:00,841.58
2023-05-23 19:00:00,881.83
2023-05-24 19:00:00,964.0
2023-05-25 19:00:00,862.27
2023-05-26 19:00:00,909.79
2023-05-27 19:00:00,802.93
2023-05-28 19:00:00,927.89
2023-05-29 19:00:00,795.88
2023-05-30 19:00:00,914.76
2023-05-31 19:00:00,938.27
2023-05-01 19:30:00,792.81
2023-05-02 19:30:00,808.15
2023-05-03 19:30:00,927.3
2023-05-04 19:30:00,838.53
2023-05-05 19:30:00,868.37
2023-05-06 19:30:00,801.11
2023-05-07 19:30:00,871.72
2023-05-08 19:30:00,755.61
2023-05-09 19:30:00,761.67
2023-05-10 19:30:00,989.82
2023-05-11 19:30:00,914.48
2023-05-12 19:30:00,999.44
2023-05-13 19:30:00,790.28
2023-05-14 19:30:00,941.04
2023-05-15 19:30:00,867.05
2023-05-16 19:30:00,874.64
2023-05-17 19:30:00,945.76
2023-05-18 19:30:00,831.54
2023-05-19 19:30:00,955.55
2023-05-20 19:30:00,823.48
2023-05-21 19:30:00,917.99
2023-05-22 19:30:00,849.73
2023-05-23 19:30:00,840.14
2023-05-24 19:30:00,965.36
2023-05-25 19:30:00,806.24
2023-05-26 19:30:00,896.75
2023-05-27 19:30:00,765.14
2023-05-28 19:30:00,947.29
2023-05-29 19:30:00,772.07
2023-05-30 19:30:00,923.5
2023-05-31 19:30:00,914.76
2023-05-01 20:00:00,748.82
2023-05-02 20:00:00,784.04
2023-05-03 20:00:00,875.18
2023-05-04 20:00:00,823.85
2023-05-05 20:00:00,872.76
2023-05-06 20:00:00,789.37
2023-05-07 20:00:00,865.83
2023-05-08 20:00:00,755.85
2023-05-09 20:00:00,768.33
2023-05-10 20:00:00,997.37
2023-05-11 20:00:00,891.22
2023-05-12 20:00:00,1015.08
2023-05-13 20:00:00,796.79
2023-05-14 20:00:00,975.55
2023-05-15 20:00:00,872.65
2023-05-16 20:00:00,881.47
2023-05-17 20:00:00,952.18
2023-05-18 20:00:00,832.47
2023-05-19 20:00:00,927.52
2023-05-20 20:00:00,748.78
2023-05-21 20:00:00,932.6
2023-05-22 20:00:00,837.54
2023-05-23 20:00:00,820.75
2023-05-24 20:00:00,948.02
2023-05-25 20:00:00,778.44
2023-05-26 20:00:00,837.26
2023-05-27 20:00:00,716.15
2023-05-28 20:00:00,884.03
2023-05-29 20:00:00,729.84
2023-05-30 20:00:00,919.02
2023-05-31 20:00:00,879.68
2023-05-01 20:30:00,725.63
2023-05-02 20:30:00,822.29
2023-05-03 20:30:00,832.68
2023-05-04 20:30:00,824.46
2023-05-05 20:30:00,840.32
2023-05-06 20:30:00,771.76
2023-05-07 20:30:00,831.41
2023-05-08 20:30:00,744.75
2023-05-09 20:30:00,775.25
2023-05-10 20:30:00,997.47
2023-05-11 20:30:00,876.65
2023-05-12 20:30:00,925.72
2023-05-13 20:30:00,702.52
2023-05-14 20:30:00,908.5
2023-05-15 20:30:00,886.46
2023-05-16 20:30:00,842.08
2023-05-17 20:30:00,918.51
2023-05-18 20:30:00,815.98
2023-05-19 20:30:00,925.3
2023-05-20 20:30:00,714.44
2023-05-21 20:30:00,878.59
2023-05-22 20:30:00,782.36
2023-05-23 20:30:00,826.94
2023-05-24 20:30:00,907.85
2023-05-25 20:30:00,765.12
2023-05-26 20:30:00,821.78
2023-05-27 20:30:00,734.81
2023-05-28 20:30:00,855.87
2023-05-29 20:30:00,746.86
2023-05-30 20:30:00,881.96
2023-05-31 20:30:00,892.93
2023-05-01 21:00:00,697.26
2023-05-02 21:00:00,779.08
2023-05-03 21:00:00,710.38
2023-05-04 21:00:00,820.78
2023-05-05 21:00:00,806.57
2023-05-06 21:00:00,767.81
2023-05-07 21:00:00,826.26
2023-05-08 21:00:00,701.05
2023-05-09 21:00:00,726.0
2023-05-10 21:00:00,983.1
2023-05-11 21:00:00,760.06
2023-05-12 21:00:00,903.0
2023-05-13 21:00:00,683.98
2023-05-14 21:00:00,986.27
2023-05-15 21:00:00,800.69
2023-05-16 21:00:00,779.67
2023-05-17 21:00:00,874.25
2023-05-18 21:00:00,747.68
2023-05-19 21:00:00,859.42
2023-05-20 21:00:00,723.6
2023-05-21 21:00:00,859.89
2023-05-22 21:00:00,707.6
2023-05-23 21:00:00,757.29
2023-05-24 21:00:00,790.12
2023-05-25 21:00:00,756.05
2023-05-26 21:00:00,800.9
2023-05-27 21:00:00,708.46
2023-05-28 21:00:00,804.01
2023-05-29 21:00:00,740.29
2023-05-30 21:00:00,902.28
2023-05-31 21:00:00,791.41
2023-05-01 21:30:00,677.56
2023-05-02 21:30:00,724.04
2023-05-03 21:30:00,639.13
2023-05-04 21:30:00,739.06
2023-05-05 21:30:00,685.13
2023-05-06 21:30:00,759.57
2023-05-07 21:30:00,701.33
2023-05-08 21:30:00,617.09
2023-05-09 21:30:00,672.98
2023-05-10 21:30:00,932.64
2023-05-11 21:30:00,765.45
2023-05-12 21:30:00,744.54
2023-05-13 21:30:00,667.08
2023-05-14 21:30:00,866.29
2023-05-15 21:30:00,756.36
2023-05-16 21:30:00,747.7
2023-05-17 21:30:00,761.03
2023-05-18 21:30:00,757.63
2023-05-19 21:30:00,786.26
2023-05-20 21:30:00,685.79
2023-05-21 21:30:00,783.89
2023-05-22 21:30:00,674.24
2023-05-23 21:30:00,728.98
2023-05-24 21:30:00,719.59
2023-05-25 21:30:00,747.23
2023-05-26 21:30:00,706.84
2023-05-27 21:30:00,715.41
2023-05-28 21:30:00,687.04
2023-05-29 21:30:00,752.19
2023-05-30 21:30:00,800.48
2023-05-31 21:30:00,728.25
2023-05-01 22:00:00,649.59
2023-05-02 22:00:00,708.19
2023-05-03 22:00:00,612.48
2023-05-04 22:00:00,715.24
2023-05-05 22:00:00,640.37
2023-05-06 22:00:00,775.55
2023-05-07 22:00:00,666.67
2023-05-08 22:00:00,592.67
2023-05-09 22:00:00,673.14
2023-05-10 22:00:00,860.35
2023-05-11 22:00:00,716.6
2023-05-12 22:00:00,682.37
2023-05-13 22:00:00,652.59
2023-05-14 22:00:00,801.44
2023-05-15 22:00:00,703.14
2023-05-16 22:00:00,732.81
2023-05-17 22:00:00,653.55
2023-05-18 22:00:00,701.95
2023-05-19 22:00:00,754.51
2023-05-20 22:00:00,681.01
2023-05-21 22:00:00,708.12
2023-05-22 22:00:00,669.42
2023-05-23 22:00:00,725.92
2023-05-24 22:00:00,671.75
2023-05-25 22:00:00,729.49
2023-05-26 22:00:00,648.89
2023-05-27 22:00:00,670.06
2023-05-28 22:00:00,648.36
2023-05-29 22:00:00,701.45
2023-05-30 22:00:00,713.93
2023-05-31 22:00:00,690.33
2023-05-01 22:30:00,632.16
2023-05-02 22:30:00,652.84
2023-05-03 22:30:00,609.56
2023-05-04 22:30:00,681.66
2023-05-05 22:30:00,622.54
2023-05-06 22:30:00,767.18
2023-05-07 22:30:00,671.21
2023-05-08 22:30:00,604.85
2023-05-09 22:30:00,635.89
2023-05-10 22:30:00,865.67
2023-05-11 22:30:00,730.29
2023-05-12 22:30:00,675.54
2023-05-13 22:30:00,682.45
2023-05-14 22:30:00,770.44
2023-05-15 22:30:00,708.77
2023-05-16 22:30:00,735.05
2023-05-17 22:30:00,656.06
2023-05-18 22:30:00,666.78
2023-05-19 22:30:00,744.02
2023-05-20 22:30:00,660.91
2023-05-21 22:30:00,713.54
2023-05-22 22:30:00,700.99
2023-05-23 22:30:00,720.12
2023-05-24 22:30:00,663.97
2023-05-25 22:30:00,696.74
2023-05-26 22:30:00,659.13
2023-05-27 22:30:00,662.26
2023-05-28 22:30:00,674.53
2023-05-29 22:30:00,696.72
2023-05-30 22:30:00,721.54
2023-05-31 22:30:00,713.81
2023-05-01 23:00:00,653.41
2023-05-02 23:00:00,665.06
2023-05-03 23:00:00,590.28
2023-05-04 23:00:00,617.42
2023-05-05 23:00:00,620.01
2023-05-06 23:00:00,753.5
2023-05-07 23:00:00,646.08
2023-05-08 23:00:00,597.15
2023-05-09 23:00:00,640.4
2023-05-10 23:00:00,820.16
2023-05-11 23:00:00,714.34
2023-05-12 23:00:00,707.69
2023-05-13 23:00:00,668.8
2023-05-14 23:00:00,670.94
2023-05-15 23:00:00,768.16
2023-05-16 23:00:00,767.28
2023-05-17 23:00:00,638.93
2023-05-18 23:00:00,643.72
2023-05-19 23:00:00,693.26
2023-05-20 23:00:00,670.09
2023-05-21 23:00:00,667.05
2023-05-22 23:00:00,708.61
2023-05-23 23:00:00,663.28
2023-05-24 23:00:00,659.48
2023-05-25 23:00:00,703.46
2023-05-26 23:00:00,627.61
2023-05-27 23:00:00,627.82
2023-05-28 23:00:00,665.38
2023-05-29 23:00:00,618.87
2023-05-30 23:00:00,643.26
2023-05-31 23:00:00,675.08
2023-05-01 23:30:00,657.81
2023-05-02 23:30:00,615.22
2023-05-03 23:30:00,610.23
2023-05-04 23:30:00,659.13
2023-05-05 23:30:00,615.5
2023-05-06 23:30:00,771.26
2023-05-07 23:30:00,651.0
2023-05-08 23:30:00,599.97
2023-05-09 23:30:00,652.76
2023-05-10 23:30:00,746.99
2023-05-11 23:30:00,702.94
2023-05-12 23:30:00,741.09
2023-05-13 23:30:00,669.75
2023-05-14 23:30:00,709.47
2023-05-15 23:30:00,724.24
2023-05-16 23:30:00,757.5
2023-05-17 23:30:00,639.27
2023-05-18 23:30:00,655.33
2023-05-19 23:30:00,660.89
2023-05-20 23:30:00,639.59
2023-05-21 23:30:00,687.64
2023-05-22 23:30:00,729.95
2023-05-23 23:30:00,656.09
2023-05-24 23:30:00,689.59
2023-05-25 23:30:00,665.53
2023-05-26 23:30:00,622.19
2023-05-27 23:30:00,646.89
2023-05-28 23:30:00,634.17
2023-05-29 23:30:00,648.27
2023-05-30 23:30:00,632.69
2023-05-31 23:30:00,694.05
2023-06-01 00:00:00,646.57
2023-06-02 00:00:00,595.97
2023-06-03 00:00:00,664.61
2023-06-04 00:00:00,676.86
2023-06-05 00:00:00,712.09
2023-06-06 00:00:00,733.84
2023-06-07 00:00:00,772.83
2023-06-08 00:00:00,758.4
2023-06-09 00:00:00,764.74
2023-06-10 00:00:00,882.58
2023-06-11 00:00:00,1016.95
2023-06-12 00:00:00,776.58
2023-06-13 00:00:00,815.69
2023-06-14 00:00:00,691.28
2023-06-15 00:00:00,692.71
2023-06-16 00:00:00,805.14
2023-06-17 00:00:00,692.94
2023-06-18 00:00:00,665.97
2023-06-19 00:00:00,630.15
2023-06-20 00:00:00,664.08
2023-06-21 00:00:00,651.58
2023-06-22 00:00:00,695.16
2023-06-23 00:00:00,658.73
2023-06-24 00:00:00,637.71
2023-06-25 00:00:00,651.26
2023-06-26 00:00:00,630.85
2023-06-27 00:00:00,616.88
2023-06-28 00:00:00,688.68
2023-06-29 00:00:00,657.24
2023-06-30 00:00:00,654.98
2023-06-01 00:30:00,658.61
2023-06-02 00:30:00,615.19
2023-06-03 00:30:00,681.14
2023-06-04 00:30:00,694.73
2023-06-05 00:30:00,688.98
2023-06-06 00:30:00,680.81
2023-06-07 00:30:00,793.14
2023-06-08 00:30:00,791.88
2023-06-09 00:30:00,760.37
2023-06-10 00:30:00,762.02
2023-06-11 00:30:00,896.63
2023-06-12 00:30:00,786.89
2023-06-13 00:30:00,791.76
2023-06-14 00:30:00,738.8
2023-06-15 00:30:00,661.57
2023-06-16 00:30:00,809.68
2023-06-17 00:30:00,677.01
2023-06-18 00:30:00,671.88
2023-06-19 00:30:00,643.28
2023-06-20 00:30:00,651.99
2023-06-21 00:30:00,676.19
2023-06-22 00:30:00,640.12
2023-06-23 00:30:00,609.47
2023-06-24 00:30:00,649.94
2023-06-25 00:30:00,649.61
2023-06-26 00:30:00,627.03
2023-06-27 00:30:00,609.02
2023-06-28 00:30:00,663.07
2023-06-29 00:30:00,618.63
2023-06-30 00:30:00,673.87
2023-06-01 01:00:00,605.28
2023-06-02 01:00:00,581.3
2023-06-03 01:00:00,666.29
2023-06-04 01:00:00,697.45
2023-06-05 01:00:00,665.89
2023-06-06 01:00:00,661.67
2023-06-07 01:00:00,771.08
2023-06-08 01:00:00,884.72
2023-06-09 01:00:00,803.05
2023-06-10 01:00:00,747.2
2023-06-11 01:00:00,846.93
2023-06-12 01:00:00,803.7
2023-06-13 01:00:00,876.32
2023-06-14 01:00:00,704.53
2023-06-15 01:00:00,657.24
2023-06-16 01:00:00,784.79
2023-06-17 01:00:00,725.79
2023-06-18 01:00:00,634.05
2023-06-19 01:00:00,622.07
2023-06-20 01:00:00,649.63
2023-06-21 01:00:00,694.38
2023-06-22 01:00:00,671.54
2023-06-23 01:00:00,609.64
2023-06-24 01:00:00,625.29
2023-06-25 01:00:00,630.16
2023-06-26 01:00:00,624.87
2023-06-27 01:00:00,618.29
2023-06-28 01:00:00,620.94
2023-06-29 01:00:00,636.94
2023-06-30 01:00:00,642.44
2023-06-01 01:30:00,600.23
2023-06-02 01:30:00,566.47
2023-06-03 01:30:00,635.22
2023-06-04 01:30:00,691.6
2023-06-05 01:30:00,722.14
2023-06-06 01:30:00,669.91
2023-06-07 01:30:00,757.76
2023-06-08 01:30:00,830.15
2023-06-09 01:30:00,701.46
2023-06-10 01:30:00,706.32
2023-06-11 01:30:00,820.63
2023-06-12 01:30:00,763.59
2023-06-13 01:30:00,813.81
2023-06-14 01:30:00,650.88
2023-06-15 01:30:00,640.98
2023-06-16 01:30:00,767.59
2023-06-17 01:30:00,679.92
2023-06-18 01:30:00,606.27
2023-06-19 01:30:00,605.24
2023-06-20 01:30:00,616.15
2023-06-21 01:30:00,700.65
2023-06-22 01:30:00,656.74
2023-06-23 01:30:00,600.39
2023-06-24 01:30:00,590.59
2023-06-25 01:30:00,631.06
2023-06-26 01:30:00,615.95
2023-06-27 01:30:00,658.66
2023-06-28 01:30:00,609.53
2023-06-29 01:30:00,610.85
2023-06-30 01:30:00,646.55
2023-06-01 02:00:00,689.3
2023-06-02 02:00:00,624.87
2023-06-03 02:00:00,700.73
2023-06-04 02:00:00,772.0
2023-06-05 02:00:00,746.54
2023-06-06 02:00:00,739.97
2023-06-07 02:00:00,828.51
2023-06-08 02:00:00,838.54
2023-06-09 02:00:00,750.11
2023-06-10 02:00:00,778.7
2023-06-11 02:00:00,871.64
2023-06-12 02:00:00,862.7
2023-06-13 02:00:00,863.53
2023-06-14 02:00:00,735.39
2023-06-15 02:00:00,717.16
2023-06-16 02:00:00,839.19
2023-06-17 02:00:00,722.76
2023-06-18 02:00:00,665.68
2023-06-19 02:00:00,656.78
2023-06-20 02:00:00,693.0
2023-06-21 02:00:00,771.2
2023-06-22 02:00:00,720.44
2023-06-23 02:00:00,676.94
2023-06-24 02:00:00,643.89
2023-06-25 02:00:00,651.79
2023-06-26 02:00:00,675.41
2023-06-27 02:00:00,845.94
2023-06-28 02:00:00,677.66
2023-06-29 02:00:00,703.01
2023-06-30 02:00:00,717.35
2023-06-01 02:30:00,765.44
2023-06-02 02:30:00,701.14
2023-06-03 02:30:00,844.86
2023-06-04 02:30:00,855.84
2023-06-05 02:30:00,845.75
2023-06-06 02:30:00,842.49
2023-06-07 02:30:00,928.67
2023-06-08 02:30:00,998.22
2023-06-09 02:30:00,967.99
2023-06-10 02:30:00,883.74
2023-06-11 02:30:00,1066.89
2023-06-12 02:30:00,979.71
2023-06-13 02:30:00,1017.35
2023-06-14 02:30:00,829.15
2023-06-15 02:30:00,916.64
2023-06-16 02:30:00,986.14
2023-06-17 02:30:00,902.07
2023-06-18 02:30:00,780.87
2023-06-19 02:30:00,790.89
2023-06-20 02:30:00,785.85
2023-06-21 02:30:00,873.03
2023-06-22 02:30:00,803.39
2023-06-23 02:30:00,776.38
2023-06-24 02:30:00,732.79
2023-06-25 02:30:00,707.74
2023-06-26 02:30:00,812.88
2023-06-27 02:30:00,826.94
2023-06-28 02:30:00,778.8
2023-06-29 02:30:00,855.15
2023-06-30 02:30:00,841.7
2023-06-01 03:00:00,821.6
2023-06-02 03:00:00,779.21
2023-06-03 03:00:00,910.27
2023-06-04 03:00:00,919.0
2023-06-05 03:00:00,937.15
2023-06-06 03:00:00,963.66
2023-06-07 03:00:00,1147.75
2023-06-08 03:00:00,1094.43
2023-06-09 03:00:00,1060.96
2023-06-10 03:00:00,1065.28
2023-06-11 03:00:00,1161.96
2023-06-12 03:00:00,1079.16
2023-06-13 03:00:00,1088.19
2023-06-14 03:00:00,980.93
2023-06-15 03:00:00,973.43
2023-06-16 03:00:00,1060.47
2023-06-17 03:00:00,1062.8
2023-06-18 03:00:00,840.88
2023-06-19 03:00:00,809.51
2023-06-20 03:00:00,882.36
2023-06-21 03:00:00,974.0
2023-06-22 03:00:00,852.44
2023-06-23 03:00:00,828.34
2023-06-24 03:00:00,773.99
2023-06-25 03:00:00,781.09
2023-06-26 03:00:00,826.18
2023-06-27 03:00:00,849.94
2023-06-28 03:00:00,870.48
2023-06-29 03:00:00,891.73
2023-06-30 03:00:00,888.06
2023-06-01 03:30:00,885.86
2023-06-02 03:30:00,820.16
2023-06-03 03:30:00,1153.19
2023-06-04 03:30:00,1091.98
2023-06-05 03:30:00,1069.09
2023-06-06 03:30:00,995.04
2023-06-07 03:30:00,1217.2
2023-06-08 03:30:00,1156.11
2023-06-09 03:30:00,1068.64
2023-06-10 03:30:00,1118.64
2023-06-11 03:30:00,1223.03
2023-06-12 03:30:00,1125.89
2023-06-13 03:30:00,1140.38
2023-06-14 03:30:00,1135.21
2023-06-15 03:30:00,1010.91
2023-06-16 03:30:00,1029.87
2023-06-17 03:30:00,1072.06
2023-06-18 03:30:00,859.22
2023-06-19 03:30:00,857.52
2023-06-20 03:30:00,909.39
2023-06-21 03:30:00,1004.29
2023-06-22 03:30:00,951.42
2023-06-23 03:30:00,928.08
2023-06-24 03:30:00,880.62
2023-06-25 03:30:00,859.43
2023-06-26 03:30:00,872.15
2023-06-27 03:30:00,857.65
2023-06-28 03:30:00,949.07
2023-06-29 03:30:00,1055.93
2023-06-30 03:30:00,1046.16
2023-06-01 04:00:00,902.58
2023-06-02 04:00:00,832.56
2023-06-03 04:00:00,1121.82
2023-06-04 04:00:00,1126.68
2023-06-05 04:00:00,1050.27
2023-06-06 04:00:00,988.99
2023-06-07 04:00:00,1267.73
2023-06-08 04:00:00,1133.75
2023-06-09 04:00:00,1104.76
2023-06-10 04:00:00,1102.93
2023-06-11 04:00:00,1241.94
2023-06-12 04:00:00,1181.11
2023-06-13 04:00:00,1126.56
2023-06-14 04:00:00,1093.88
2023-06-15 04:00:00,1051.43
2023-06-16 04:00:00,1040.92
2023-06-17 04:00:00,1122.39
2023-06-18 04:00:00,932.6
2023-06-19 04:00:00,941.21
2023-06-20 04:00:00,942.52
2023-06-21 04:00:00,1030.7
2023-06-22 04:00:00,976.11
2023-06-23 04:00:00,933.09
2023-06-24 04:00:00,891.87
2023-06-25 04:00:00,849.87
2023-06-26 04:00:00,936.21
2023-06-27 04:00:00,984.13
2023-06-28 04:00:00,1000.27
2023-06-29 04:00:00,1051.98
2023-06-30 04:00:00,1013.14
2023-06-01 04:30:00,937.01
2023-06-02 04:30:00,831.09
2023-06-03 04:30:00,1169.62
2023-06-04 04:30:00,1082.31
2023-06-05 04:30:00,1069.25
2023-06-06 04:30:00,973.83
2023-06-07 04:30:00,1228.97
2023-06-08 04:30:00,1196.12
2023-06-09 04:30:00,1084.52
2023-06-10 04:30:00,1110.15
2023-06-11 04:30:00,1181.12
2023-06-12 04:30:00,1121.71
2023-06-13 04:30:00,1175.3
2023-06-14 04:30:00,1099.62
2023-06-15 04:30:00,1112.57
2023-06-16 04:30:00,956.2
2023-06-17 04:30:00,1140.41
2023-06-18 04:30:00,898.74
2023-06-19 04:30:00,939.88
2023-06-20 04:30:00,905.58
2023-06-21 04:30:00,1047.56
2023-06-22 04:30:00,1023.09
2023-06-23 04:30:00,918.89
2023-06-24 04:30:00,954.4
2023-06-25 04:30:00,867.3
2023-06-26 04:30:00,963.22
2023-06-27 04:30:00,981.93
2023-06-28 04:30:00,964.7
2023-06-29 04:30:00,1037.86
2023-06-30 04:30:00,1020.36
2023-06-01 05:00:00,971.65
2023-06-02 05:00:00,863.95
2023-06-03 05:00:00,1114.82
2023-06-04 05:00:00,1072.18
2023-06-05 05:00:00,1113.08
2023-06-06 05:00:00,1039.95
2023-06-07 05:00:00,1228.75
2023-06-08 05:00:00,1255.95
2023-06-09 05:00:00,1083.84
2023-06-10 05:00:00,1144.66
2023-06-11 05:00:00,1233.38
2023-06-12 05:00:00,1181.58
2023-06-13 05:00:00,1125.59
2023-06-14 05:00:00,1119.94
2023-06-15 05:00:00,1130.95
2023-06-16 05:00:00,1102.6
2023-06-17 05:00:00,1168.07
2023-06-18 05:00:00,895.05
2023-06-19 05:00:00,1014.62
2023-06-20 05:00:00,920.48
2023-06-21 05:00:00,1070.68
2023-06-22 05:00:00,1017.37
2023-06-23 05:00:00,944.56
2023-06-24 05:00:00,936.5
2023-06-25 05:00:00,859.53
2023-06-26 05:00:00,992.92
2023-06-27 05:00:00,1019.33
2023-06-28 05:00:00,995.64
2023-06-29 05:00:00,1070.9
2023-06-30 05:00:00,1014.85
2023-06-01 05:30:00,1035.79
2023-06-02 05:30:00,894.36
2023-06-03 05:30:00,1085.34
2023-06-04 05:30:00,1032.26
2023-06-05 05:30:00,1165.36
2023-06-06 05:30:00,1069.42
2023-06-07 05:30:00,1236.72
2023-06-08 05:30:00,1279.38
2023-06-09 05:30:00,1141.72
2023-06-10 05:30:00,1160.43
2023-06-11 05:30:00,1206.64
2023-06-12 05:30:00,1283.63
2023-06-13 05:30:00,1154.82
2023-06-14 05:30:00,1218.9
2023-06-15 05:30:00,1167.13
2023-06-16 05:30:00,1047.29
2023-06-17 05:30:00,1205.47
2023-06-18 05:30:00,914.11
2023-06-19 05:30:00,1042.61
2023-06-20 05:30:00,1006.05
2023-06-21 05:30:00,1125.6
2023-06-22 05:30:00,1063.76
2023-06-23 05:30:00,972.9
2023-06-24 05:30:00,1018.93
2023-06-25 05:30:00,850.7
2023-06-26 05:30:00,1059.8
2023-06-27 05:30:00,1084.81
2023-06-28 05:30:00,1075.06
2023-06-29 05:30:00,1153.56
2023-06-30 05:30:00,1041.19
2023-06-01 06:00:00,1036.8
2023-06-02 06:00:00,984.2
2023-06-03 06:00:00,1115.28
2023-06-04 06:00:00,1066.51
2023-06-05 06:00:00,1209.21
2023-06-06 06:00:00,1159.93
2023-06-07 06:00:00,1321.1
2023-06-08 06:00:00,1264.94
2023-06-09 06:00:00,1233.19
2023-06-10 06:00:00,1196.12
2023-06-11 06:00:00,1254.73
2023-06-12 06:00:00,1235.71
2023-06-13 06:00:00,1263.02
2023-06-14 06:00:00,1280.78
2023-06-15 06:00:00,1182.41
2023-06-16 06:00:00,1067.69
2023-06-17 06:00:00,1223.61
2023-06-18 06:00:00,977.3
2023-06-19 06:00:00,1055.08
2023-06-20 06:00:00,1003.03
2023-06-21 06:00:00,1169.16
2023-06-22 06:00:00,1087.31
2023-06-23 06:00:00,1018.05
2023-06-24 06:00:00,987.68
2023-06-25 06:00:00,886.96
2023-06-26 06:00:00,1088.34
2023-06-27 06:00:00,1120.37
2023-06-28 06:00:00,1069.54
2023-06-29 06:00:00,1132.11
2023-06-30 06:00:00,1059.74
2023-06-01 06:30:00,1005.45
2023-06-02 06:30:00,925.28
2023-06-03 06:30:00,1129.93
2023-06-04 06:30:00,1070.4
2023-06-05 06:30:00,1154.29
2023-06-06 06:30:00,1116.89
2023-06-07 06:30:00,1352.24
2023-06-08 06:30:00,1230.01
2023-06-09 06:30:00,1261.27
2023-06-10 06:30:00,1146.72
2023-06-11 06:30:00,1237.45
2023-06-12 06:30:00,1171.82
2023-06-13 06:30:00,1217.49
2023-06-14 06:30:00,1262.59
2023-06-15 06:30:00,1167.41
2023-06-16 06:30:00,1028.22
2023-06-17 06:30:00,1162.12
2023-06-18 06:30:00,944.96
2023-06-19 06:30:00,1010.77
2023-06-20 06:30:00,996.66
2023-06-21 06:30:00,1153.36
2023-06-22 06:30:00,1046.85
2023-06-23 06:30:00,958.05
2023-06-24 06:30:00,933.73
2023-06-25 06:30:00,912.79
2023-06-26 06:30:00,1012.19
2023-06-27 06:30:00,1081.63
2023-06-28 06:30:00,998.89
2023-06-29 06:30:00,1106.47
2023-06-30 06:30:00,1042.06
2023-06-01 07:00:00,971.91
2023-06-02 07:00:00,983.73
2023-06-03 07:00:00,1093.0
2023-06-04 07:00:00,1074.01
2023-06-05 07:00:00,1165.78
2023-06-06 07:00:00,1156.79
2023-06-07 07:00:00,1174.05
2023-06-08 07:00:00,1290.19
2023-06-09 07:00:00,1215.54
2023-06-10 07:00:00,1155.9
2023-06-11 07:00:00,1229.57
2023-06-12 07:00:00,1217.87
2023-06-13 07:00:00,1218.28
2023-06-14 07:00:00,1365.36
2023-06-15 07:00:00,1233.99
2023-06-16 07:00:00,1143.7
2023-06-17 07:00:00,1149.3
2023-06-18 07:00:00,958.12
2023-06-19 07:00:00,1001.74
2023-06-20 07:00:00,1040.45
2023-06-21 07:00:00,1105.26
2023-06-22 07:00:00,1048.21
2023-06-23 07:00:00,965.25
2023-06-24 07:00:00,948.12
2023-06-25 07:00:00,948.69
2023-06-26 07:00:00,1041.57
2023-06-27 07:00:00,1073.42
2023-06-28 07:00:00,1037.6
2023-06-29 07:00:00,1089.22
2023-06-30 07:00:00,1050.91
2023-06-01 07:30:00,1072.36
2023-06-02 07:30:00,1017.1
2023-06-03 07:30:00,1102.64
2023-06-04 07:30:00,1095.56
2023-06-05 07:30:00,1178.94
2023-06-06 07:30:00,1199.59
2023-06-07 07:30:00,783.91
2023-06-08 07:30:00,748.5
2023-06-09 07:30:00,1327.81
2023-06-10 07:30:00,1253.77
2023-06-11 07:30:00,1352.39
2023-06-12 07:30:00,1345.45
2023-06-13 07:30:00,953.33
2023-06-14 07:30:00,704.08
2023-06-15 07:30:00,1281.63
2023-06-16 07:30:00,1267.24
2023-06-17 07:30:00,1284.54
2023-06-18 07:30:00,1000.2
2023-06-19 07:30:00,1075.88
2023-06-20 07:30:00,1113.84
2023-06-21 07:30:00,1270.61
2023-06-22 07:30:00,1140.13
2023-06-23 07:30:00,1052.5
2023-06-24 07:30:00,995.61
2023-06-25 07:30:00,1025.26
2023-06-26 07:30:00,1032.29
2023-06-27 07:30:00,1159.44
2023-06-28 07:30:00,1140.18
2023-06-29 07:30:00,1173.6
2023-06-30 07:30:00,1173.24
2023-06-01 08:00:00,1051.58
2023-06-02 08:00:00,1023.95
2023-06-03 08:00:00,1103.21
2023-06-04 08:00:00,1077.32
2023-06-05 08:00:00,1168.85
2023-06-06 08:00:00,1184.27
2023-06-07 08:00:00,316.89
2023-06-08 08:00:00,318.21
2023-06-09 08:00:00,1313.47
2023-06-10 08:00:00,1195.51
2023-06-11 08:00:00,1335.63
2023-06-12 08:00:00,1290.85
2023-06-13 08:00:00,8.97
2023-06-14 08:00:00,115.93
2023-06-15 08:00:00,1366.68
2023-06-16 08:00:00,1258.74
2023-06-17 08:00:00,1280.82
2023-06-18 08:00:00,1021.9
2023-06-19 08:00:00,1114.64
2023-06-20 08:00:00,1063.65
2023-06-21 08:00:00,1270.55
2023-06-22 08:00:00,1107.79
2023-06-23 08:00:00,1056.5
2023-06-24 08:00:00,997.53
2023-06-25 08:00:00,1014.78
2023-06-26 08:00:00,968.95
2023-06-27 08:00:00,1218.89
2023-06-28 08:00:00,1126.27
2023-06-29 08:00:00,1217.67
2023-06-30 08:00:00,1210.86
2023-06-01 08:30:00,1013.55
2023-06-02 08:30:00,982.74
2023-06-03 08:30:00,1102.97
2023-06-04 08:30:00,1046.31
2023-06-05 08:30:00,1150.4
2023-06-06 08:30:00,1146.87
2023-06-07 08:30:00,285.29
2023-06-08 08:30:00,263.18
2023-06-09 08:30:00,1312.85
2023-06-10 08:30:00,1156.76
2023-06-11 08:30:00,1373.53
2023-06-12 08:30:00,1217.31
2023-06-13 08:30:00,220.46
2023-06-14 08:30:00,87.71
2023-06-15 08:30:00,1283.32
2023-06-16 08:30:00,1369.58
2023-06-17 08:30:00,1324.76
2023-06-18 08:30:00,994.34
2023-06-19 08:30:00,1097.16
2023-06-20 08:30:00,1075.64
2023-06-21 08:30:00,1221.72
2023-06-22 08:30:00,1147.07
2023-06-23 08:30:00,1032.04
2023-06-24 08:30:00,1000.4
2023-06-25 08:30:00,986.23
2023-06-26 08:30:00,898.31
2023-06-27 08:30:00,1186.41
2023-06-28 08:30:00,1141.72
2023-06-29 08:30:00,1146.73
2023-06-30 08:30:00,1200.59
2023-06-01 09:00:00,1033.62
2023-06-02 09:00:00,1012.09
2023-06-03 09:00:00,1046.44
2023-06-04 09:00:00,1007.4
2023-06-05 09:00:00,1173.3
2023-06-06 09:00:00,1112.92
2023-06-07 09:00:00,299.31
2023-06-08 09:00:00,222.79
2023-06-09 09:00:00,1248.72
2023-06-10 09:00:00,1168.76
2023-06-11 09:00:00,1317.59
2023-06-12 09:00:00,1262.23
2023-06-13 09:00:00,1148.24
2023-06-14 09:00:00,1077.8
2023-06-15 09:00:00,1279.52
2023-06-16 09:00:00,1301.13
2023-06-17 09:00:00,1226.73
2023-06-18 09:00:00,1001.97
2023-06-19 09:00:00,1069.8
2023-06-20 09:00:00,1027.29
2023-06-21 09:00:00,1189.42
2023-06-22 09:00:00,1147.29
2023-06-23 09:00:00,1071.3
2023-06-24 09:00:00,993.16
2023-06-25 09:00:00,985.18
2023-06-26 09:00:00,755.39
2023-06-27 09:00:00,1132.52
2023-06-28 09:00:00,1092.41
2023-06-29 09:00:00,1147.22
2023-06-30 09:00:00,1144.66
2023-06-01 09:30:00,1001.23
2023-06-02 09:30:00,1008.36
2023-06-03 09:30:00,1047.09
2023-06-04 09:30:00,986.63
2023-06-05 09:30:00,1158.42
2023-06-06 09:30:00,1148.46
2023-06-07 09:30:00,278.97
2023-06-08 09:30:00,1151.49
2023-06-09 09:30:00,1273.23
2023-06-10 09:30:00,1121.98
2023-06-11 09:30:00,1279.15
2023-06-12 09:30:00,1160.63
2023-06-13 09:30:00,1124.1
2023-06-14 09:30:00,1230.6
2023-06-15 09:30:00,1272.31
2023-06-16 09:30:00,1166.15
2023-06-17 09:30:00,1163.71
2023-06-18 09:30:00,968.98
2023-06-19 09:30:00,1023.66
2023-06-20 09:30:00,1047.28
2023-06-21 09:30:00,1214.15
2023-06-22 09:30:00,1124.77
2023-06-23 09:30:00,1038.92
2023-06-24 09:30:00,989.38
2023-06-25 09:30:00,1016.61
2023-06-26 09:30:00,796.3
2023-06-27 09:30:00,1091.68
2023-06-28 09:30:00,1108.29
2023-06-29 09:30:00,1109.98
2023-06-30 09:30:00,1093.94
2023-06-01 10:00:00,982.46
2023-06-02 10:00:00,969.42
2023-06-03 10:00:00,979.67
2023-06-04 10:00:00,983.02
2023-06-05 10:00:00,1070.78
2023-06-06 10:00:00,1087.25
2023-06-07 10:00:00,252.31
2023-06-08 10:00:00,1265.18
2023-06-09 10:00:00,1266.09
2023-06-10 10:00:00,1098.9
2023-06-11 10:00:00,1210.82
2023-06-12 10:00:00,1098.67
2023-06-13 10:00:00,1039.66
2023-06-14 10:00:00,1166.68
2023-06-15 10:00:00,1188.23
2023-06-16 10:00:00,1094.6
2023-06-17 10:00:00,1124.29
2023-06-18 10:00:00,974.97
2023-06-19 10:00:00,1036.59
2023-06-20 10:00:00,1050.52
2023-06-21 10:00:00,1130.47
2023-06-22 10:00:00,1078.64
2023-06-23 10:00:00,1038.55
2023-06-24 10:00:00,970.26
2023-06-25 10:00:00,959.21
2023-06-26 10:00:00,992.09
2023-06-27 10:00:00,1026.18
2023-06-28 10:00:00,962.38
2023-06-29 10:00:00,1021.28
2023-06-30 10:00:00,1058.89
2023-06-01 10:30:00,974.77
2023-06-02 10:30:00,947.21
2023-06-03 10:30:00,941.1
2023-06-04 10:30:00,924.07
2023-06-05 10:30:00,1101.65
2023-06-06 10:30:00,1073.12
2023-06-07 10:30:00,566.59
2023-06-08 10:30:00,1125.61
2023-06-09 10:30:00,1164.12
2023-06-10 10:30:00,1090.08
2023-06-11 10:30:00,1158.98
2023-06-12 10:30:00,1057.15
2023-06-13 10:30:00,1073.43
2023-06-14 10:30:00,1194.65
2023-06-15 10:30:00,1094.99
2023-06-16 10:30:00,1116.39
2023-06-17 10:30:00,1050.86
2023-06-18 10:30:00,938.89
2023-06-19 10:30:00,1007.17
2023-06-20 10:30:00,1015.07
2023-06-21 10:30:00,1053.4
2023-06-22 10:30:00,1045.26
2023-06-23 10:30:00,1006.73
2023-06-24 10:30:00,954.53
2023-06-25 10:30:00,999.42
2023-06-26 10:30:00,898.02
2023-06-27 10:30:00,1027.65
2023-06-28 10:30:00,1012.93
2023-06-29 10:30:00,1000.44
2023-06-30 10:30:00,1040.9
2023-06-01 11:00:00,948.78
2023-06-02 11:00:00,958.71
2023-06-03 11:00:00,950.77
2023-06-04 11:00:00,848.39
2023-06-05 11:00:00,1096.0
2023-06-06 11:00:00,1085.44
2023-06-07 11:00:00,1214.65
2023-06-08 11:00:00,1092.29
2023-06-09 11:00:00,1168.31
2023-06-10 11:00:00,1059.96
2023-06-11 11:00:00,988.5
2023-06-12 11:00:00,1012.29
2023-06-13 11:00:00,1012.96
2023-06-14 11:00:00,1023.81
2023-06-15 11:00:00,1035.36
2023-06-16 11:00:00,1035.92
2023-06-17 11:00:00,1042.18
2023-06-18 11:00:00,894.07
2023-06-19 11:00:00,956.97
2023-06-20 11:00:00,984.73
2023-06-21 11:00:00,997.39
2023-06-22 11:00:00,1044.94
2023-06-23 11:00:00,952.25
2023-06-24 11:00:00,935.63
2023-06-25 11:00:00,939.05
2023-06-26 11:00:00,866.44
2023-06-27 11:00:00,1021.79
2023-06-28 11:00:00,973.32
2023-06-29 11:00:00,1012.62
2023-06-30 11:00:00,961.43
2023-06-01 11:30:00,964.59
2023-06-02 11:30:00,966.75
2023-06-03 11:30:00,941.53
2023-06-04 11:30:00,865.59
2023-06-05 11:30:00,1099.27
2023-06-06 11:30:00,1036.28
2023-06-07 11:30:00,1107.06
2023-06-08 11:30:00,1074.14
2023-06-09 11:30:00,1128.4
2023-06-10 11:30:00,983.1
2023-06-11 11:30:00,953.37
2023-06-12 11:30:00,1014.15
2023-06-13 11:30:00,1038.76
2023-06-14 11:30:00,976.88
2023-06-15 11:30:00,1066.62
2023-06-16 11:30:00,1037.63
2023-06-17 11:30:00,1043.06
2023-06-18 11:30:00,887.51
2023-06-19 11:30:00,961.3
2023-06-20 11:30:00,1020.08
2023-06-21 11:30:00,1013.85
2023-06-22 11:30:00,1008.2
2023-06-23 11:30:00,934.05
2023-06-24 11:30:00,945.01
2023-06-25 11:30:00,941.23
2023-06-26 11:30:00,897.48
2023-06-27 11:30:00,1034.87
2023-06-28 11:30:00,972.72
2023-06-29 11:30:00,1072.84
2023-06-30 11:30:00,1015.02
2023-06-01 12:00:00,957.9
2023-06-02 12:00:00,1006.64
2023-06-03 12:00:00,970.83
2023-06-04 12:00:00,954.19
2023-06-05 12:00:00,1082.72
2023-06-06 12:00:00,1046.19
2023-06-07 12:00:00,1093.11
2023-06-08 12:00:00,1051.97
2023-06-09 12:00:00,1130.57
2023-06-10 12:00:00,1018.14
2023-06-11 12:00:00,969.09
2023-06-12 12:00:00,1002.23
2023-06-13 12:00:00,1028.75
2023-06-14 12:00:00,990.49
2023-06-15 12:00:00,1035.09
2023-06-16 12:00:00,1039.94
2023-06-17 12:00:00,1111.99
2023-06-18 12:00:00,930.47
2023-06-19 12:00:00,1004.47
2023-06-20 12:00:00,1009.89
2023-06-21 12:00:00,1022.07
2023-06-22 12:00:00,1009.77
2023-06-23 12:00:00,972.57
2023-06-24 12:00:00,960.64
2023-06-25 12:00:00,943.51
2023-06-26 12:00:00,953.49
2023-06-27 12:00:00,1051.72
2023-06-28 12:00:00,964.65
2023-06-29 12:00:00,1007.19
2023-06-30 12:00:00,995.77
2023-06-01 12:30:00,983.34
2023-06-02 12:30:00,986.22
2023-06-03 12:30:00,966.93
2023-06-04 12:30:00,978.21
2023-06-05 12:30:00,1092.63
2023-06-06 12:30:00,1108.53
2023-06-07 12:30:00,1065.48
2023-06-08 12:30:00,1077.55
2023-06-09 12:30:00,1082.05
2023-06-10 12:30:00,999.2
2023-06-11 12:30:00,1007.1
2023-06-12 12:30:00,1014.58
2023-06-13 12:30:00,1046.83
2023-06-14 12:30:00,1058.24
2023-06-15 12:30:00,1052.67
2023-06-16 12:30:00,1039.17
2023-06-17 12:30:00,1112.75
2023-06-18 12:30:00,987.52
2023-06-19 12:30:00,1013.24
2023-06-20 12:30:00,1030.62
2023-06-21 12:30:00,1024.35
2023-06-22 12:30:00,1015.34
2023-06-23 12:30:00,963.61
2023-06-24 12:30:00,967.72
2023-06-25 12:30:00,992.01
2023-06-26 12:30:00,1023.04
2023-06-27 12:30:00,1090.78
2023-06-28 12:30:00,940.54
2023-06-29 12:30:00,1043.6
2023-06-30 12:30:00,1021.49
2023-06-01 13:00:00,951.35
2023-06-02 13:00:00,997.69
2023-06-03 13:00:00,993.71
2023-06-04 13:00:00,982.04
2023-06-05 13:00:00,1089.39
2023-06-06 13:00:00,1076.07
2023-06-07 13:00:00,1106.29
2023-06-08 13:00:00,1064.89
2023-06-09 13:00:00,1089.6
2023-06-10 13:00:00,996.16
2023-06-11 13:00:00,1017.55
2023-06-12 13:00:00,1024.03
2023-06-13 13:00:00,1066.78
2023-06-14 13:00:00,1029.81
2023-06-15 13:00:00,1036.85
2023-06-16 13:00:00,1077.65
2023-06-17 13:00:00,1099.83
2023-06-18 13:00:00,1013.28
2023-06-19 13:00:00,1040.39
2023-06-20 13:00:00,1014.18
2023-06-21 13:00:00,998.47
2023-06-22 13:00:00,1054.86
2023-06-23 13:00:00,981.72
2023-06-24 13:00:00,1004.97
2023-06-25 13:00:00,987.54
2023-06-26 13:00:00,1050.66
2023-06-27 13:00:00,1051.11
2023-06-28 13:00:00,1020.96
2023-06-29 13:00:00,1010.54
2023-06-30 13:00:00,1050.42
2023-06-01 13:30:00,990.82
2023-06-02 13:30:00,975.04
2023-06-03 13:30:00,962.64
2023-06-04 13:30:00,991.66
2023-06-05 13:30:00,1090.28
2023-06-06 13:30:00,1047.33
2023-06-07 13:30:00,1058.07
2023-06-08 13:30:00,1048.15
2023-06-09 13:30:00,1109.21
2023-06-10 13:30:00,988.24
2023-06-11 13:30:00,995.19
2023-06-12 13:30:00,1029.19
2023-06-13 13:30:00,1074.24
2023-06-14 13:30:00,1043.79
2023-06-15 13:30:00,1044.91
2023-06-16 13:30:00,1050.99
2023-06-17 13:30:00,1049.17
2023-06-18 13:30:00,1004.11
2023-06-19 13:30:00,1022.64
2023-06-20 13:30:00,1018.17
2023-06-21 13:30:00,984.38
2023-06-22 13:30:00,1033.11
2023-06-23 13:30:00,971.16
2023-06-24 13:30:00,1008.22
2023-06-25 13:30:00,1022.05
2023-06-26 13:30:00,1032.99
2023-06-27 13:30:00,1074.82
2023-06-28 13:30:00,986.83
2023-06-29 13:30:00,1018.7
2023-06-30 13:30:00,1031.04
2023-06-01 14:00:00,941.95
2023-06-02 14:00:00,975.99
2023-06-03 14:00:00,949.86
2023-06-04 14:00:00,940.27
2023-06-05 14:00:00,1080.38
2023-06-06 14:00:00,1062.72
2023-06-07 14:00:00,1038.08
2023-06-08 14:00:00,1032.56
2023-06-09 14:00:00,1054.4
2023-06-10 14:00:00,997.09
2023-06-11 14:00:00,995.34
2023-06-12 14:00:00,1020.53
2023-06-13 14:00:00,1034.03
2023-06-14 14:00:00,1017.98
2023-06-15 14:00:00,1052.57
2023-06-16 14:00:00,1093.94
2023-06-17 14:00:00,1010.5
2023-06-18 14:00:00,976.34
2023-06-19 14:00:00,1026.56
2023-06-20 14:00:00,1014.96
2023-06-21 14:00:00,989.32
2023-06-22 14:00:00,1019.62
2023-06-23 14:00:00,978.26
2023-06-24 14:00:00,976.27
2023-06-25 14:00:00,964.08
2023-06-26 14:00:00,1004.99
2023-06-27 14:00:00,1047.7
2023-06-28 14:00:00,989.53
2023-06-29 14:00:00,1012.77
2023-06-30 14:00:00,1058.2
2023-06-01 14:30:00,954.25
2023-06-02 14:30:00,970.51
2023-06-03 14:30:00,997.25
2023-06-04 14:30:00,943.04
2023-06-05 14:30:00,1138.19
2023-06-06 14:30:00,887.12
2023-06-07 14:30:00,1024.85
2023-06-08 14:30:00,1036.79
2023-06-09 14:30:00,1038.99
2023-06-10 14:30:00,969.73
2023-06-11 14:30:00,1024.17
2023-06-12 14:30:00,1006.35
2023-06-13 14:30:00,1026.86
2023-06-14 14:30:00,1053.13
2023-06-15 14:30:00,1056.53
2023-06-16 14:30:00,1039.18
2023-06-17 14:30:00,1044.06
2023-06-18 14:30:00,1000.65
2023-06-19 14:30:00,999.96
2023-06-20 14:30:00,982.53
2023-06-21 14:30:00,981.58
2023-06-22 14:30:00,1014.29
2023-06-23 14:30:00,1030.25
2023-06-24 14:30:00,975.77
2023-06-25 14:30:00,976.68
2023-06-26 14:30:00,1009.96
2023-06-27 14:30:00,1041.16
2023-06-28 14:30:00,1036.25
2023-06-29 14:30:00,1009.55
2023-06-30 14:30:00,1054.13
2023-06-01 15:00:00,938.3
2023-06-02 15:00:00,991.69
2023-06-03 15:00:00,950.21
2023-06-04 15:00:00,972.06
2023-06-05 15:00:00,1111.18
2023-06-06 15:00:00,923.08
2023-06-07 15:00:00,1007.71
2023-06-08 15:00:00,1037.17
2023-06-09 15:00:00,1043.22
2023-06-10 15:00:00,962.15
2023-06-11 15:00:00,981.62
2023-06-12 15:00:00,1044.89
2023-06-13 15:00:00,1010.51
2023-06-14 15:00:00,1055.83
2023-06-15 15:00:00,1080.67
2023-06-16 15:00:00,1035.27
2023-06-17 15:00:00,999.44
2023-06-18 15:00:00,965.85
2023-06-19 15:00:00,1015.45
2023-06-20 15:00:00,987.65
2023-06-21 15:00:00,996.83
2023-06-22 15:00:00,995.02
2023-06-23 15:00:00,991.4
2023-06-24 15:00:00,947.43
2023-06-25 15:00:00,1009.03
2023-06-26 15:00:00,1001.55
2023-06-27 15:00:00,1057.73
2023-06-28 15:00:00,1003.45
2023-06-29 15:00:00,1004.09
2023-06-30 15:00:00,1088.76
2023-06-01 15:30:00,936.99
2023-06-02 15:30:00,982.55
2023-06-03 15:30:00,938.93
2023-06-04 15:30:00,996.57
2023-06-05 15:30:00,1102.99
2023-06-06 15:30:00,885.01
2023-06-07 15:30:00,1014.12
2023-06-08 15:30:00,1013.04
2023-06-09 15:30:00,1082.49
2023-06-10 15:30:00,984.59
2023-06-11 15:30:00,971.76
2023-06-12 15:30:00,1031.24
2023-06-13 15:30:00,1028.96
2023-06-14 15:30:00,1017.49
2023-06-15 15:30:00,1048.17
2023-06-16 15:30:00,1041.12
2023-06-17 15:30:00,997.59
2023-06-18 15:30:00,985.4
2023-06-19 15:30:00,974.7
2023-06-20 15:30:00,963.37
2023-06-21 15:30:00,1000.32
2023-06-22 15:30:00,1024.23
2023-06-23 15:30:00,959.44
2023-06-24 15:30:00,981.3
2023-06-25 15:30:00,962.47
2023-06-26 15:30:00,999.11
2023-06-27 15:30:00,1034.39
2023-06-28 15:30:00,984.88
2023-06-29 15:30:00,1007.7
2023-06-30 15:30:00,1083.79
2023-06-01 16:00:00,952.61
2023-06-02 16:00:00,965.78
2023-06-03 16:00:00,945.01
2023-06-04 16:00:00,1043.03
2023-06-05 16:00:00,1066.87
2023-06-06 16:00:00,988.93
2023-06-07 16:00:00,1015.79
2023-06-08 16:00:00,1023.42
2023-06-09 16:00:00,1055.39
2023-06-10 16:00:00,937.53
2023-06-11 16:00:00,969.02
2023-06-12 16:00:00,977.31
2023-06-13 16:00:00,1002.39
2023-06-14 16:00:00,1008.9
2023-06-15 16:00:00,1080.31
2023-06-16 16:00:00,1073.75
2023-06-17 16:00:00,1042.75
2023-06-18 16:00:00,1034.67
2023-06-19 16:00:00,986.85
2023-06-20 16:00:00,967.14
2023-06-21 16:00:00,963.39
2023-06-22 16:00:00,1007.17
2023-06-23 16:00:00,993.41
2023-06-24 16:00:00,948.26
2023-06-25 16:00:00,990.75
2023-06-26 16:00:00,980.86
2023-06-27 16:00:00,1082.49
2023-06-28 16:00:00,983.25
2023-06-29 16:00:00,1003.7
2023-06-30 16:00:00,1057.7
2023-06-01 16:30:00,951.99
2023-06-02 16:30:00,944.01
2023-06-03 16:30:00,926.63
2023-06-04 16:30:00,1049.12
2023-06-05 16:30:00,1074.54
2023-06-06 16:30:00,1078.15
2023-06-07 16:30:00,992.09
2023-06-08 16:30:00,1037.4
2023-06-09 16:30:00,1127.71
2023-06-10 16:30:00,962.89
2023-06-11 16:30:00,1013.27
2023-06-12 16:30:00,991.67
2023-06-13 16:30:00,1006.53
2023-06-14 16:30:00,1031.16
2023-06-15 16:30:00,1066.76
2023-06-16 16:30:00,1077.59
2023-06-17 16:30:00,1012.61
2023-06-18 16:30:00,1044.76
2023-06-19 16:30:00,1003.32
2023-06-20 16:30:00,984.57
2023-06-21 16:30:00,1001.81
2023-06-22 16:30:00,1033.57
2023-06-23 16:30:00,1016.81
2023-06-24 16:30:00,968.7
2023-06-25 16:30:00,996.52
2023-06-26 16:30:00,982.21
2023-06-27 16:30:00,1099.44
2023-06-28 16:30:00,993.57
2023-06-29 16:30:00,998.88
2023-06-30 16:30:00,1072.81
2023-06-01 17:00:00,951.74
2023-06-02 17:00:00,1021.03
2023-06-03 17:00:00,980.28
2023-06-04 17:00:00,1080.62
2023-06-05 17:00:00,1142.41
2023-06-06 17:00:00,1077.63
2023-06-07 17:00:00,1067.94
2023-06-08 17:00:00,1094.2
2023-06-09 17:00:00,1139.54
2023-06-10 17:00:00,997.06
2023-06-11 17:00:00,1080.8
2023-06-12 17:00:00,1035.35
2023-06-13 17:00:00,1078.54
2023-06-14 17:00:00,1089.7
2023-06-15 17:00:00,1077.49
2023-06-16 17:00:00,1091.08
2023-06-17 17:00:00,1027.31
2023-06-18 17:00:00,1054.46
2023-06-19 17:00:00,1107.92
2023-06-20 17:00:00,1052.44
2023-06-21 17:00:00,1019.78
2023-06-22 17:00:00,1034.91
2023-06-23 17:00:00,1021.53
2023-06-24 17:00:00,1010.41
2023-06-25 17:00:00,1014.65
2023-06-26 17:00:00,1037.65
2023-06-27 17:00:00,1085.31
2023-06-28 17:00:00,1032.99
2023-06-29 17:00:00,1044.05
2023-06-30 17:00:00,1134.33
2023-06-01 17:30:00,951.86
2023-06-02 17:30:00,994.32
2023-06-03 17:30:00,972.48
2023-06-04 17:30:00,1080.22
2023-06-05 17:30:00,1117.64
2023-06-06 17:30:00,1021.15
2023-06-07 17:30:00,1115.06
2023-06-08 17:30:00,1092.79
2023-06-09 17:30:00,1095.08
2023-06-10 17:30:00,957.78
2023-06-11 17:30:00,1075.48
2023-06-12 17:30:00,1022.31
2023-06-13 17:30:00,1033.57
2023-06-14 17:30:00,1100.08
2023-06-15 17:30:00,1051.37
2023-06-16 17:30:00,1041.92
2023-06-17 17:30:00,1048.21
2023-06-18 17:30:00,1026.78
2023-06-19 17:30:00,1042.51
2023-06-20 17:30:00,1028.17
2023-06-21 17:30:00,1013.08
2023-06-22 17:30:00,1005.32
2023-06-23 17:30:00,1030.24
2023-06-24 17:30:00,984.4
2023-06-25 17:30:00,1034.67
2023-06-26 17:30:00,1053.8
2023-06-27 17:30:00,1038.66
2023-06-28 17:30:00,1009.73
2023-06-29 17:30:00,1075.34
2023-06-30 17:30:00,1123.83
2023-06-01 18:00:00,862.71
2023-06-02 18:00:00,988.62
2023-06-03 18:00:00,909.17
2023-06-04 18:00:00,1019.15
2023-06-05 18:00:00,960.81
2023-06-06 18:00:00,1028.82
2023-06-07 18:00:00,1077.73
2023-06-08 18:00:00,985.54
2023-06-09 18:00:00,1021.86
2023-06-10 18:00:00,886.64
2023-06-11 18:00:00,1073.03
2023-06-12 18:00:00,933.09
2023-06-13 18:00:00,989.71
2023-06-14 18:00:00,1069.3
2023-06-15 18:00:00,942.32
2023-06-16 18:00:00,978.44
2023-06-17 18:00:00,1021.2
2023-06-18 18:00:00,1000.99
2023-06-19 18:00:00,992.74
2023-06-20 18:00:00,934.33
2023-06-21 18:00:00,983.4
2023-06-22 18:00:00,904.05
2023-06-23 18:00:00,992.61
2023-06-24 18:00:00,956.36
2023-06-25 18:00:00,981.08
2023-06-26 18:00:00,924.39
2023-06-27 18:00:00,967.84
2023-06-28 18:00:00,1028.48
2023-06-29 18:00:00,1003.35
2023-06-30 18:00:00,1069.83
2023-06-01 18:30:00,808.13
2023-06-02 18:30:00,948.4
2023-06-03 18:30:00,881.2
2023-06-04 18:30:00,1028.78
2023-06-05 18:30:00,917.52
2023-06-06 18:30:00,958.2
2023-06-07 18:30:00,1046.59
2023-06-08 18:30:00,949.74
2023-06-09 18:30:00,991.12
2023-06-10 18:30:00,880.62
2023-06-11 18:30:00,1020.98
2023-06-12 18:30:00,896.58
2023-06-13 18:30:00,948.59
2023-06-14 18:30:00,1051.95
2023-06-15 18:30:00,881.36
2023-06-16 18:30:00,1018.15
2023-06-17 18:30:00,1002.6
2023-06-18 18:30:00,996.76
2023-06-19 18:30:00,1010.65
2023-06-20 18:30:00,896.3
2023-06-21 18:30:00,968.34
2023-06-22 18:30:00,845.18
2023-06-23 18:30:00,936.1
2023-06-24 18:30:00,940.11
2023-06-25 18:30:00,950.35
2023-06-26 18:30:00,859.16
2023-06-27 18:30:00,936.91
2023-06-28 18:30:00,1002.85
2023-06-29 18:30:00,928.16
2023-06-30 18:30:00,1008.18
2023-06-01 19:00:00,796.41
2023-06-02 19:00:00,971.09
2023-06-03 19:00:00,804.66
2023-06-04 19:00:00,998.17
2023-06-05 19:00:00,868.98
2023-06-06 19:00:00,900.83
2023-06-07 19:00:00,995.9
2023-06-08 19:00:00,913.58
2023-06-09 19:00:00,994.78
2023-06-10 19:00:00,863.81
2023-06-11 19:00:00,988.79
2023-06-12 19:00:00,892.21
2023-06-13 19:00:00,897.35
2023-06-14 19:00:00,1024.34
2023-06-15 19:00:00,887.2
2023-06-16 19:00:00,1029.32
2023-06-17 19:00:00,992.65
2023-06-18 19:00:00,921.24
2023-06-19 19:00:00,950.5
2023-06-20 19:00:00,870.55
2023-06-21 19:00:00,982.74
2023-06-22 19:00:00,800.57
2023-06-23 19:00:00,935.9
2023-06-24 19:00:00,925.54
2023-06-25 19:00:00,943.08
2023-06-26 19:00:00,834.67
2023-06-27 19:00:00,878.91
2023-06-28 19:00:00,980.57
2023-06-29 19:00:00,946.83
2023-06-30 19:00:00,1039.6
2023-06-01 19:30:00,742.05
2023-06-02 19:30:00,950.48
2023-06-03 19:30:00,754.05
2023-06-04 19:30:00,991.79
2023-06-05 19:30:00,885.62
2023-06-06 19:30:00,903.09
2023-06-07 19:30:00,967.0
2023-06-08 19:30:00,847.62
2023-06-09 19:30:00,1010.8
2023-06-10 19:30:00,840.93
2023-06-11 19:30:00,948.67
2023-06-12 19:30:00,864.72
2023-06-13 19:30:00,875.46
2023-06-14 19:30:00,1005.11
2023-06-15 19:30:00,825.75
2023-06-16 19:30:00,958.68
2023-06-17 19:30:00,972.09
2023-06-18 19:30:00,927.06
2023-06-19 19:30:00,916.12
2023-06-20 19:30:00,816.41
2023-06-21 19:30:00,959.41
2023-06-22 19:30:00,792.73
2023-06-23 19:30:00,907.84
2023-06-24 19:30:00,818.43
2023-06-25 19:30:00,981.55
2023-06-26 19:30:00,827.17
2023-06-27 19:30:00,902.03
2023-06-28 19:30:00,971.09
2023-06-29 19:30:00,914.3
2023-06-30 19:30:00,987.27
2023-06-01 20:00:00,741.91
2023-06-02 20:00:00,940.88
2023-06-03 20:00:00,725.69
2023-06-04 20:00:00,953.39
2023-06-05 20:00:00,813.08
2023-06-06 20:00:00,865.16
2023-06-07 20:00:00,966.81
2023-06-08 20:00:00,813.07
2023-06-09 20:00:00,1076.78
2023-06-10 20:00:00,810.24
2023-06-11 20:00:00,932.73
2023-06-12 20:00:00,863.11
2023-06-13 20:00:00,894.16
2023-06-14 20:00:00,967.79
2023-06-15 20:00:00,820.53
2023-06-16 20:00:00,939.99
2023-06-17 20:00:00,918.32
2023-06-18 20:00:00,900.7
2023-06-19 20:00:00,843.06
2023-06-20 20:00:00,795.21
2023-06-21 20:00:00,919.1
2023-06-22 20:00:00,778.75
2023-06-23 20:00:00,913.73
2023-06-24 20:00:00,820.59
2023-06-25 20:00:00,951.5
2023-06-26 20:00:00,805.94
2023-06-27 20:00:00,866.94
2023-06-28 20:00:00,977.78
2023-06-29 20:00:00,888.82
2023-06-30 20:00:00,997.3
2023-06-01 20:30:00,739.24
2023-06-02 20:30:00,914.13
2023-06-03 20:30:00,732.41
2023-06-04 20:30:00,937.04
2023-06-05 20:30:00,787.87
2023-06-06 20:30:00,852.55
2023-06-07 20:30:00,968.69
2023-06-08 20:30:00,781.88
2023-06-09 20:30:00,1013.45
2023-06-10 20:30:00,823.14
2023-06-11 20:30:00,921.14
2023-06-12 20:30:00,851.37
2023-06-13 20:30:00,920.19
2023-06-14 20:30:00,982.1
2023-06-15 20:30:00,806.21
2023-06-16 20:30:00,917.54
2023-06-17 20:30:00,804.42
2023-06-18 20:30:00,863.13
2023-06-19 20:30:00,784.77
2023-06-20 20:30:00,801.0
2023-06-21 20:30:00,903.82
2023-06-22 20:30:00,791.37
2023-06-23 20:30:00,886.35
2023-06-24 20:30:00,732.28
2023-06-25 20:30:00,944.33
2023-06-26 20:30:00,792.95
2023-06-27 20:30:00,834.67
2023-06-28 20:30:00,947.05
2023-06-29 20:30:00,822.37
2023-06-30 20:30:00,1094.47
2023-06-01 21:00:00,774.22
2023-06-02 21:00:00,858.81
2023-06-03 21:00:00,708.92
2023-06-04 21:00:00,873.02
2023-06-05 21:00:00,714.3
2023-06-06 21:00:00,789.55
2023-06-07 21:00:00,821.75
2023-06-08 21:00:00,741.54
2023-06-09 21:00:00,994.7
2023-06-10 21:00:00,833.15
2023-06-11 21:00:00,840.0
2023-06-12 21:00:00,809.16
2023-06-13 21:00:00,836.88
2023-06-14 21:00:00,937.37
2023-06-15 21:00:00,790.68
2023-06-16 21:00:00,877.57
2023-06-17 21:00:00,735.58
2023-06-18 21:00:00,843.65
2023-06-19 21:00:00,732.8
2023-06-20 21:00:00,791.04
2023-06-21 21:00:00,930.72
2023-06-22 21:00:00,771.51
2023-06-23 21:00:00,854.06
2023-06-24 21:00:00,717.11
2023-06-25 21:00:00,895.28
2023-06-26 21:00:00,763.62
2023-06-27 21:00:00,809.57
2023-06-28 21:00:00,859.44
2023-06-29 21:00:00,808.75
2023-06-30 21:00:00,1016.21
2023-06-01 21:30:00,735.17
2023-06-02 21:30:00,816.41
2023-06-03 21:30:00,692.57
2023-06-04 21:30:00,812.01
2023-06-05 21:30:00,711.29
2023-06-06 21:30:00,792.07
2023-06-07 21:30:00,708.05
2023-06-08 21:30:00,719.65
2023-06-09 21:30:00,907.85
2023-06-10 21:30:00,837.99
2023-06-11 21:30:00,750.23
2023-06-12 21:30:00,828.38
2023-06-13 21:30:00,747.19
2023-06-14 21:30:00,875.96
2023-06-15 21:30:00,754.69
2023-06-16 21:30:00,741.57
2023-06-17 21:30:00,689.08
2023-06-18 21:30:00,689.96
2023-06-19 21:30:00,672.33
2023-06-20 21:30:00,729.18
2023-06-21 21:30:00,815.04
2023-06-22 21:30:00,728.29
2023-06-23 21:30:00,767.17
2023-06-24 21:30:00,693.09
2023-06-25 21:30:00,823.84
2023-06-26 21:30:00,683.46
2023-06-27 21:30:00,758.23
2023-06-28 21:30:00,729.38
2023-06-29 21:30:00,742.64
2023-06-30 21:30:00,892.81
2023-06-01 22:00:00,724.49
2023-06-02 22:00:00,748.31
2023-06-03 22:00:00,642.62
2023-06-04 22:00:00,722.14
2023-06-05 22:00:00,777.95
2023-06-06 22:00:00,717.76
2023-06-07 22:00:00,688.75
2023-06-08 22:00:00,701.58
2023-06-09 22:00:00,851.92
2023-06-10 22:00:00,981.7
2023-06-11 22:00:00,688.22
2023-06-12 22:00:00,784.18
2023-06-13 22:00:00,706.39
2023-06-14 22:00:00,866.0
2023-06-15 22:00:00,772.49
2023-06-16 22:00:00,703.94
2023-06-17 22:00:00,644.98
2023-06-18 22:00:00,643.52
2023-06-19 22:00:00,687.67
2023-06-20 22:00:00,677.8
2023-06-21 22:00:00,804.73
2023-06-22 22:00:00,703.5
2023-06-23 22:00:00,723.29
2023-06-24 22:00:00,680.66
2023-06-25 22:00:00,755.39
2023-06-26 22:00:00,619.59
2023-06-27 22:00:00,780.47
2023-06-28 22:00:00,650.44
2023-06-29 22:00:00,719.76
2023-06-30 22:00:00,778.22
2023-06-01 22:30:00,687.99
2023-06-02 22:30:00,692.87
2023-06-03 22:30:00,670.41
2023-06-04 22:30:00,749.8
2023-06-05 22:30:00,756.74
2023-06-06 22:30:00,761.58
2023-06-07 22:30:00,734.06
2023-06-08 22:30:00,708.76
2023-06-09 22:30:00,943.59
2023-06-10 22:30:00,1003.2
2023-06-11 22:30:00,688.45
2023-06-12 22:30:00,802.67
2023-06-13 22:30:00,728.87
2023-06-14 22:30:00,864.94
2023-06-15 22:30:00,741.92
2023-06-16 22:30:00,662.61
2023-06-17 22:30:00,694.6
2023-06-18 22:30:00,640.98
2023-06-19 22:30:00,676.99
2023-06-20 22:30:00,656.67
2023-06-21 22:30:00,783.59
2023-06-22 22:30:00,672.08
2023-06-23 22:30:00,701.97
2023-06-24 22:30:00,689.56
2023-06-25 22:30:00,712.9
2023-06-26 22:30:00,685.68
2023-06-27 22:30:00,743.37
2023-06-28 22:30:00,678.72
2023-06-29 22:30:00,685.02
2023-06-30 22:30:00,713.25
2023-06-01 23:00:00,598.52
2023-06-02 23:00:00,681.4
2023-06-03 23:00:00,667.11
2023-06-04 23:00:00,730.39
2023-06-05 23:00:00,747.47
2023-06-06 23:00:00,766.56
2023-06-07 23:00:00,728.14
2023-06-08 23:00:00,718.51
2023-06-09 23:00:00,920.1
2023-06-10 23:00:00,1009.13
2023-06-11 23:00:00,729.53
2023-06-12 23:00:00,761.06
2023-06-13 23:00:00,694.94
2023-06-14 23:00:00,850.04
2023-06-15 23:00:00,695.13
2023-06-16 23:00:00,661.58
2023-06-17 23:00:00,658.17
2023-06-18 23:00:00,657.09
2023-06-19 23:00:00,637.0
2023-06-20 23:00:00,649.21
2023-06-21 23:00:00,732.74
2023-06-22 23:00:00,651.71
2023-06-23 23:00:00,644.21
2023-06-24 23:00:00,649.99
2023-06-25 23:00:00,703.17
2023-06-26 23:00:00,650.66
2023-06-27 23:00:00,704.21
2023-06-28 23:00:00,665.53
2023-06-29 23:00:00,647.75
2023-06-30 23:00:00,692.3
2023-06-01 23:30:00,601.08
2023-06-02 23:30:00,681.16
2023-06-03 23:30:00,682.91
2023-06-04 23:30:00,715.76
2023-06-05 23:30:00,716.79
2023-06-06 23:30:00,763.95
2023-06-07 23:30:00,755.43
2023-06-08 23:30:00,734.38
2023-06-09 23:30:00,922.77
2023-06-10 23:30:00,1051.39
2023-06-11 23:30:00,777.7
2023-06-12 23:30:00,803.79
2023-06-13 23:30:00,687.79
2023-06-14 23:30:00,772.23
2023-06-15 23:30:00,752.14
2023-06-16 23:30:00,721.39
2023-06-17 23:30:00,665.19
2023-06-18 23:30:00,621.96
2023-06-19 23:30:00,655.47
2023-06-20 23:30:00,652.6
2023-06-21 23:30:00,727.07
2023-06-22 23:30:00,700.43
2023-06-23 23:30:00,635.47
2023-06-24 23:30:00,635.95
2023-06-25 23:30:00,628.31
2023-06-26 23:30:00,637.39
2023-06-27 23:30:00,683.8
2023-06-28 23:30:00,679.52
2023-06-29 23:30:00,656.41
2023-06-30 23:30:00,724.86
